2,L. Ball - balllo01,"['L. Ball ', ' balllo01']",-1,NOP,395,148,160,81,116,33,1,38,128,80,0,0,76,43,148,0,437,90,0,0
3,O. Anunoby - anunoog01,"['O. Anunoby ', ' anunoog01']",-1,TOR,269,106,220,100,47,18,20,58,196,111,0,0,130,90,215,0,121,114,0,0
4,J. Redick - redicjj01,"['J. Redick ', ' redicjj01']",-1,NOP,397,180,54,30,180,76,0,10,98,160,0,0,185,165,119,0,119,20,0,0
5,J. Holiday - holidjr01,"['J. Holiday ', ' holidjr01']",-1,NOP,346,122,396,217,230,92,8,48,146,167,0,0,182,129,140,0,408,101,0,0
6,F. VanVleet - vanvlfr01,"['F. VanVleet ', ' vanvlfr01']",-1,TOR,484,189,351,165,120,37,8,24,164,217,0,0,223,189,129,0,433,119,0,0
7,K. Lowry - lowryky01,"['K. Lowry ', ' lowryky01']",-1,TOR,538,187,252,139,158,69,3,34,243,383,0,0,403,342,177,0,497,101,0,0
8,B. Ingram - ingrabr01,"['B. Ingram ', ' ingrabr01']",-1,NOP,384,150,260,141,388,160,0,38,183,312,0,0,368,313,125,0,259,67,0,0
11,P. Siakam - siakapa01,"['P. Siakam ', ' siakapa01']",-1,TOR,418,141,373,213,352,129,94,57,209,272,0,0,349,273,133,0,249,75,0,0
12,M. Gasol - gasolma01,"['M. Gasol ', ' gasolma01']",-1,BOS,175,62,47,29,85,34,26,45,160,103,0,0,64,47,158,0,176,65,0,0
13,S. Ibaka - ibakase01,"['S. Ibaka ', ' ibakase01']",-1,TOR,227,93,133,85,219,89,136,60,181,114,0,0,138,103,159,0,90,51,0,0
14,N. Alexander-Walker - alexani01,"['N. Alexander', 'Walker ', ' alexani01']",-1,NOP,133,46,88,36,43,14,0,8,57,46,0,0,37,25,51,0,89,17,0,0
15,N. Powell - powelno01,"['N. Powell ', ' powelno01']",-1,TOR,325,131,235,132,94,43,7,24,138,138,0,0,182,152,132,0,102,68,0,0
16,J. Hart - hartjo01,"['J. Hart ', ' hartjo01']",-1,NOP,354,121,135,89,39,11,0,23,167,101,0,0,115,85,124,0,108,63,0,0
17,K. Williams - willike04,"['K. Williams ', ' willike04']",-1,NOP,97,25,34,17,9,4,2,21,89,35,0,0,26,9,74,0,57,29,0,0
18,E. Moore - mooreet01,"['E. Moore ', ' mooreet01']",-1,NOP,167,63,81,46,175,70,9,11,80,41,0,0,45,31,94,0,79,32,0,0
19,J. Okafor - okafoja01,"['J. Okafor ', ' okafoja01']",-1,NOP,3,1,86,59,33,14,18,22,67,61,0,0,62,40,63,0,37,12,0,0
20,N. Melli - mellini01,"['N. Melli ', ' mellini01']",-1,NOP,206,69,42,25,55,27,6,23,125,95,0,0,73,54,102,0,82,35,0,0
21,F. Jackson - jacksfr01,"['F. Jackson ', ' jacksfr01']",-1,NOP,144,47,98,45,84,37,1,4,78,60,0,0,75,56,69,0,61,18,0,0
22,T. Davis - daviste02,"['T. Davis ', ' daviste02']",-1,TOR,261,102,134,82,38,7,7,14,138,54,0,0,66,58,134,0,122,40,0,0
23,J. McGee - mcgeeja01,"['J. McGee ', ' mcgeeja01']",-1,LAL,8,3,128,60,32,14,39,104,184,93,0,0,84,54,182,0,44,77,0,0
24,L. James - jamesle01,"['L. James ', ' jamesle01']",-1,LAL,544,192,637,415,380,139,17,54,161,472,0,0,531,372,353,0,868,106,0,0
25,A. Davis - davisan02,"['A. Davis ', ' davisan02']",-1,LAL,278,95,317,187,570,236,62,173,216,541,0,0,704,593,112,0,273,140,0,0
26,L. Shamet - shamela01,"['L. Shamet ', ' shamela01']",-1,LAC,338,126,62,38,42,14,1,13,160,73,0,0,83,70,166,0,116,26,0,0
27,D. Green - greenda02,"['D. Green ', ' greenda02']",-1,LAL,442,159,91,50,99,39,3,48,186,78,0,0,63,43,248,0,117,107,0,0
28,P. Beverley - beverpa01,"['P. Beverley ', ' beverpa01']",-1,LAC,228,88,74,44,67,30,9,28,200,98,0,0,51,33,199,0,202,62,0,0
29,K. Leonard - leonaka01,"['K. Leonard ', ' leonaka01']",-1,LAC,398,147,208,109,687,323,26,44,143,425,0,0,496,437,185,0,352,136,0,0
30,I. Zubac - zubaciv01,"['I. Zubac ', ' zubaciv01']",-1,LAC,2,0,217,98,46,24,69,76,204,154,0,0,203,154,259,0,90,61,0,0
31,P. Patterson - pattepa01,"['P. Patterson ', ' pattepa01']",-1,LAC,175,70,20,10,29,8,3,3,55,41,0,0,43,35,77,0,45,7,0,0
32,M. Harrell - harremo01,"['M. Harrell ', ' harremo01']",-1,LAC,23,1,472,266,147,57,98,79,179,348,0,0,419,272,141,0,112,49,0,0
33,L. Williams - willilo02,"['L. Williams ', ' willilo02']",-1,LAC,366,123,232,127,476,199,1,14,102,301,0,0,376,322,258,0,420,53,0,0
34,A. Bradley - bradlav01,"['A. Bradley ', ' bradlav01']",-1,LAL,173,63,73,45,133,60,2,5,111,27,0,0,24,20,115,0,63,44,0,0
35,D. Howard - howardw01,"['D. Howard ', ' howardw01']",-1,LAL,7,4,142,80,9,4,28,87,291,263,0,0,259,135,154,0,54,48,0,0
36,K. Caldwell-Pope - caldwke01,"['K. Caldwell', 'Pope ', ' caldwke01']",-1,LAL,358,137,169,103,144,55,4,18,173,114,0,0,129,101,197,0,139,80,0,0
37,J. Green - greenja01,"['J. Green ', ' greenja01']",-1,LAC,261,102,89,49,20,8,17,27,206,51,0,0,57,43,157,0,56,33,0,0
38,M. Harkless - harklma01,"['M. Harkless ', ' harklma01']",-1,NYK,98,34,99,51,27,8,1,33,149,52,0,0,66,39,170,0,68,59,0,0
39,T. Daniels - danietr01,"['T. Daniels ', ' danietr01']",-1,DEN,138,49,17,9,43,20,0,3,39,17,0,0,18,11,57,0,19,11,0,0
40,Q. Cook - cookqu01,"['Q. Cook ', ' cookqu01']",-1,LAL,89,33,57,30,77,32,1,2,29,16,0,0,15,12,43,0,54,12,0,0
41,J. Dudley - dudleja01,"['J. Dudley ', ' dudleja01']",-1,LAL,45,18,12,3,7,3,0,4,44,8,0,0,2,2,35,0,28,19,0,0
42,W. Carter - cartewe01,"['W. Carter ', ' cartewe01']",-1,CLE,29,6,128,64,70,28,35,36,164,145,0,0,152,112,179,0,51,61,0,0
43,Z. LaVine - lavinza01,"['Z. LaVine ', ' lavinza01']",-1,CHI,484,184,409,199,210,66,4,28,134,243,0,0,334,268,135,0,254,89,0,0
44,C. Zeller - zelleco01,"['C. Zeller ', ' zelleco01']",-1,CHO,75,18,246,134,61,29,30,25,140,180,0,0,179,122,181,0,88,66,0,0
45,M. Bridges - bridgmi02,"['M. Bridges ', ' bridgmi02']",-1,CHO,300,99,237,115,111,40,52,48,135,105,0,0,131,106,234,0,114,42,0,0
46,L. Markkanen - markkla01,"['L. Markkanen ', ' markkla01']",-1,CHI,317,109,125,62,66,21,26,23,96,122,0,0,153,126,156,0,74,44,0,0
47,T. Rozier - roziete01,"['T. Rozier ', ' roziete01']",-1,CHO,423,172,249,124,258,95,3,10,130,161,0,0,190,166,166,0,259,62,0,0
48,D. Bacon - bacondw01,"['D. Bacon ', ' bacondw01']",-1,CHO,67,19,90,34,81,27,3,2,52,42,0,0,53,35,76,0,52,24,0,0
49,O. Porter - porteot01,"['O. Porter ', ' porteot01']",-1,CHI,62,24,26,12,51,25,0,6,31,24,0,0,27,19,39,0,25,15,0,0
50,P. Washington - washipj01,"['P. Washington ', ' washipj01']",-1,CHO,230,86,181,78,53,17,61,44,158,135,0,0,136,88,211,0,123,53,0,0
51,T. Satoranský - satorto01,"['T. Satoranský ', ' satorto01']",-1,CHI,199,64,158,79,168,76,7,7,136,141,0,0,121,106,166,0,354,81,0,0
52,L. Kornet - kornelu01,"['L. Kornet ', ' kornelu01']",-1,CHI,108,31,28,17,19,7,7,26,54,29,0,0,28,20,89,0,32,20,0,0
53,D. Graham - grahade01,"['D. Graham ', ' grahade01']",-1,CHO,585,218,156,69,214,75,4,15,116,253,0,0,233,191,196,0,471,63,0,0
54,C. White - whiteco01,"['C. White ', ' whiteco01']",-1,CHI,376,133,229,113,177,61,2,6,116,117,0,0,129,102,134,0,175,49,0,0
55,T. Young - youngth01,"['T. Young ', ' youngth01']",-1,CHI,222,79,191,93,85,26,74,23,138,97,0,0,72,42,134,0,117,95,0,0
56,N. Batum - batumni01,"['N. Batum ', ' batumni01']",-1,CHO,49,14,15,8,14,3,0,8,41,25,0,0,10,9,47,0,66,17,0,0
57,K. Dunn - dunnkr01,"['K. Dunn ', ' dunnkr01']",-1,CHI,112,29,144,88,70,24,8,17,160,56,0,0,54,40,142,0,173,106,0,0
58,R. Arcidiacono - arcidry01,"['R. Arcidiacono ', ' arcidry01']",-1,CHI,138,54,37,21,44,15,1,3,97,74,0,0,38,27,106,0,96,28,0,0
59,M. Monk - monkma01,"['M. Monk ', ' monkma01']",-1,CHO,204,58,134,73,118,52,3,16,77,80,0,0,100,82,122,0,114,25,0,0
60,M. Williams - willima02,"['M. Williams ', ' willima02']",-1,MIL,179,66,43,32,68,31,21,33,118,64,0,1,60,52,176,0,69,42,0,0
61,A. Drummond - drumman01,"['A. Drummond ', ' drumman01']",-1,CLE,35,5,415,223,90,29,137,93,211,253,0,0,294,169,135,0,152,146,0,0
62,B. Brown - brownbr01,"['B. Brown ', ' brownbr01']",-1,DET,96,33,213,98,99,40,14,29,165,105,0,0,119,88,164,0,230,64,0,0
63,J. Lamb - lambje01,"['J. Lamb ', ' lambje01']",-1,IND,158,53,101,56,215,102,0,22,103,100,0,0,110,92,112,0,96,56,0,0
64,R. Jackson - jacksre01,"['R. Jackson ', ' jacksre01']",-1,LAC,177,74,81,34,104,41,9,6,77,54,0,0,54,45,114,0,137,15,0,0
65,M. Morris - morrima02,"['M. Morris ', ' morrima02']",-1,LAL,297,117,105,54,110,41,16,20,195,88,0,0,94,73,175,0,97,38,0,0
66,D. Sabonis - sabondo01,"['D. Sabonis ', ' sabondo01']",-1,IND,67,17,403,255,192,84,132,30,195,303,0,0,296,214,234,0,310,53,0,0
67,T. Snell - snellto01,"['T. Snell ', ' snellto01']",-1,DET,254,102,45,23,72,35,2,15,101,46,0,0,32,32,167,0,127,32,0,0
68,M. Turner - turnemy01,"['M. Turner ', ' turnemy01']",-1,IND,264,92,139,84,168,76,18,148,180,167,0,0,185,134,170,0,75,90,0,0
69,M. Brogdon - brogdma01,"['M. Brogdon ', ' brogdma01']",-1,IND,254,84,299,144,246,115,3,10,108,165,0,0,214,191,110,0,421,39,0,0
70,T. Warren - warretj01,"['T. Warren ', ' warretj01']",-1,IND,245,98,294,193,484,236,5,35,210,186,0,0,213,176,150,0,111,92,0,0
71,L. Kennard - kennalu01,"['L. Kennard ', ' kennalu01']",-1,DET,183,73,56,33,98,42,4,6,66,54,0,0,76,67,83,0,115,12,0,0
72,E. Sumner - sumneed01,"['E. Sumner ', ' sumneed01']",-1,IND,56,14,63,35,20,6,3,9,49,29,0,0,31,18,60,0,55,16,0,0
73,D. Rose - rosede01,"['D. Rose ', ' rosede01']",-1,DET,147,45,305,187,287,130,12,16,53,115,0,0,139,121,116,0,278,42,0,0
74,J. Holiday - holidju01,"['J. Holiday ', ' holidju01']",-1,IND,347,142,71,32,65,26,1,51,147,81,0,0,70,54,171,0,96,95,0,0
75,L. Galloway - gallola01,"['L. Galloway ', ' gallola01']",-1,DET,331,132,86,49,123,53,1,11,97,77,0,0,85,73,147,0,101,49,0,0
76,C. Wood - woodch01,"['C. Wood ', ' woodch01']",-1,DET,140,54,148,75,82,36,15,54,100,215,0,0,242,180,107,0,60,35,0,0
77,T. Maker - makerth01,"['T. Maker ', ' makerth01']",-1,DET,64,22,49,21,33,15,17,39,102,89,0,0,110,73,107,0,43,33,0,0
78,A. Holiday - holidaa01,"['A. Holiday ', ' holidaa01']",-1,IND,230,91,169,82,172,66,10,16,134,119,0,0,92,77,165,0,235,59,0,0
79,D. McDermott - mcderdo01,"['D. McDermott ', ' mcderdo01']",-1,IND,304,130,146,96,91,31,6,5,120,57,0,0,58,48,140,0,79,14,0,0
80,T. Leaf - leaftj01,"['T. Leaf ', ' leaftj01']",-1,IND,18,5,34,17,18,3,8,4,22,15,0,0,16,7,33,0,9,10,0,0
81,T. McConnell - mccontj01,"['T. McConnell ', ' mccontj01']",-1,IND,17,5,147,89,254,120,1,11,80,66,0,0,44,36,149,0,362,56,0,0
82,T. Frazier - fraziti01,"['T. Frazier ', ' fraziti01']",-1,DET,30,10,22,11,42,13,0,4,42,32,0,0,24,19,42,0,93,14,0,0
83,T. Thompson - thomptr01,"['T. Thompson ', ' thomptr01']",-1,CLE,23,9,184,80,71,22,180,50,126,168,0,0,161,99,154,0,120,64,0,0
84,A. Gordon - gordoaa01,"['A. Gordon ', ' gordoaa01']",-1,ORL,237,73,196,103,220,64,19,39,131,206,0,0,224,151,199,0,228,52,0,0
85,C. Sexton - sextoco01,"['C. Sexton ', ' sextoco01']",-1,CLE,255,97,371,201,430,190,4,7,143,252,0,0,267,226,156,0,192,69,0,0
86,K. Love - loveke01,"['K. Love ', ' loveke01']",-1,CLE,390,146,105,65,184,90,43,19,90,163,0,0,219,187,194,0,178,33,0,0
87,E. Fournier - fournev01,"['E. Fournier ', ' fournev01']",-1,ORL,469,185,218,133,293,132,3,18,173,189,0,0,237,192,202,0,222,78,0,0
88,N. Vučević - vucevni01,"['N. Vučević ', ' vucevni01']",-1,ORL,333,116,258,154,318,146,202,50,152,172,0,0,178,141,166,0,242,97,0,0
89,C. Osman - osmande01,"['C. Osman ', ' osmande01']",-1,CLE,321,123,163,92,111,41,10,16,161,116,0,0,94,63,167,0,154,54,0,0
90,D. Augustin - augusdj01,"['D. Augustin ', ' augusdj01']",-1,ORL,218,78,145,68,135,55,9,1,81,161,0,0,204,183,134,0,292,35,0,0
91,D. Garland - garlada01,"['D. Garland ', ' garlada01']",-1,CLE,296,105,147,66,254,109,2,4,93,90,0,0,72,63,195,0,229,42,0,0
92,J. Isaac - isaacjo01,"['J. Isaac ', ' isaacjo01']",-1,ORL,94,32,93,48,97,39,3,78,83,80,0,0,77,60,103,0,48,56,0,0
93,M. Fultz - fultzma01,"['M. Fultz ', ' fultzma01']",-1,ORL,151,42,302,175,336,137,13,14,162,152,0,0,166,122,186,0,395,96,0,0
94,L. Nance - nancela02,"['L. Nance ', ' nancela02']",-1,CLE,159,56,99,60,70,32,22,22,92,101,0,0,74,50,120,0,123,65,0,0
95,M. Bamba - bambamo01,"['M. Bamba ', ' bambamo01']",-1,ORL,107,37,89,40,34,11,15,86,117,45,0,0,46,31,126,0,42,25,0,0
96,M. Dellavedova - dellama01,"['M. Dellavedova ', ' dellama01']",-1,CLE,91,21,29,13,55,28,0,2,79,50,0,0,37,32,109,0,180,21,0,0
97,J. Clarkson - clarkjo01,"['J. Clarkson ', ' clarkjo01']",-1,UTA,462,169,217,130,256,119,16,16,127,141,0,1,175,148,166,0,151,53,0,0
98,K. Porter - porteke02,"['K. Porter ', ' porteke02']",-1,CLE,158,53,102,59,124,38,0,14,139,86,0,0,101,73,91,0,109,46,0,0
99,A. Aminu - aminual01,"['A. Aminu ', ' aminual01']",-1,ORL,36,9,33,10,13,4,3,8,27,29,0,0,29,19,36,0,21,19,0,0
100,T. Ross - rosste01,"['T. Ross ', ' rosste01']",-1,ORL,534,187,79,44,265,114,3,25,124,128,0,0,198,169,164,0,87,81,0,0
101,M. Carter-Williams - cartemi01,"['M. Carter', 'Williams ', ' cartemi01']",-1,ORL,75,22,99,49,69,28,4,22,91,115,0,0,95,79,90,0,109,52,0,0
102, - tmptmp01c,"[' ', ' tmptmp01c']",-1,0,0,0,0,0,0,0,0,0,12,0,0,0,0,0,0,0,0,0,0,0
103,K. Towns - townska01,"['K. Towns ', ' townska01']",-1,MIN,277,114,173,105,82,30,50,42,122,191,0,0,226,180,106,0,153,59,0,0
104,T. Prince - princta02,"['T. Prince ', ' princta02']",-1,BRK,145,57,53,21,39,15,1,6,43,29,0,0,30,23,54,0,35,11,0,0
105,J. Allen - allenja01,"['J. Allen ', ' allenja01']",-1,BRK,6,0,181,96,22,11,62,99,170,292,0,0,286,184,203,0,119,87,0,0
106,C. LeVert - leverca01,"['C. LeVert ', ' leverca01']",-1,BRK,241,89,237,112,306,121,5,11,88,188,0,0,222,158,152,0,237,59,0,0
107,A. Wiggins - wiggian01,"['A. Wiggins ', ' wiggian01']",-1,GSW,334,111,292,167,299,118,20,53,128,212,0,0,268,190,183,0,198,48,0,0
108,K. Irving - irvinky01,"['K. Irving ', ' irvinky01']",-1,BRK,142,56,105,61,169,82,0,10,53,96,0,0,102,94,53,0,128,27,0,0
109,J. Harris - harrijo01,"['J. Harris ', ' harrijo01']",-1,BRK,418,179,289,165,97,47,1,17,168,92,0,0,93,66,225,0,146,42,0,0
110,R. Covington - covinro01,"['R. Covington ', ' covinro01']",-1,HOU,548,195,195,114,57,27,4,106,268,138,0,0,131,105,233,0,104,166,0,0
111,T. Graham - grahatr01,"['T. Graham ', ' grahatr01']",-1,ATL,120,33,84,36,36,16,1,6,104,61,0,0,56,36,143,0,45,25,0,0
112,J. Teague - teaguje01,"['J. Teague ', ' teaguje01']",-1,ATL,117,43,175,91,191,75,1,19,105,152,0,0,197,172,146,0,308,45,0,0
113,J. Okogie - okogijo01,"['J. Okogie ', ' okogijo01']",-1,MIN,154,41,163,84,46,15,1,26,141,146,0,0,191,152,156,0,99,73,0,0
114,J. Culver - culveja01,"['J. Culver ', ' culveja01']",-1,MIN,221,66,247,109,64,22,3,38,126,95,0,0,117,54,180,0,110,58,0,0
115,D. Jordan - jordade01,"['D. Jordan ', ' jordade01']",-1,BRK,0,0,129,66,4,2,21,52,119,129,0,0,122,83,125,0,105,27,0,0
116,G. Temple - templga01,"['G. Temple ', ' templga01']",-1,BRK,422,136,115,62,94,37,1,30,121,95,0,0,93,75,193,0,164,52,0,0
117,N. Vonleh - vonleno01,"['N. Vonleh ', ' vonleno01']",-1,DEN,15,3,35,21,6,1,21,6,40,33,0,0,32,25,57,0,28,12,0,0
118,D. Nwaba - nwabada01,"['D. Nwaba ', ' nwabada01']",-1,BRK,28,12,32,18,5,2,1,12,32,19,0,0,27,18,34,0,8,11,0,0
119,S. Napier - napiesh01,"['S. Napier ', ' napiesh01']",-1,WAS,240,76,115,74,100,38,1,11,102,142,0,0,153,126,141,0,262,69,0,0
120,S. Dinwiddie - dinwisp01,"['S. Dinwiddie ', ' dinwisp01']",-1,BRK,400,123,413,215,190,70,4,21,187,292,0,0,446,347,163,0,432,42,0,0
121,R. Kurucs - kurucro01,"['R. Kurucs ', ' kurucro01']",-1,BRK,98,33,68,37,12,4,2,7,99,38,0,0,40,24,87,0,54,30,0,0
122,J. Layman - laymaja01,"['J. Layman ', ' laymaja01']",-1,MIN,72,24,64,30,27,13,3,10,47,29,0,0,32,24,45,0,15,17,0,0
123,J. Jackson - jacksja02,"['J. Jackson ', ' jacksja02']",-1,MEM,368,145,157,84,94,35,74,92,234,188,0,0,186,139,185,0,78,76,0,0
124,T. Herro - herroty01,"['T. Herro ', ' herroty01']",-1,MIA,426,164,148,78,324,142,6,11,107,128,0,0,154,134,146,0,198,42,0,0
125,B. Adebayo - adebaba01,"['B. Adebayo ', ' adebaba01']",-1,MIA,15,2,314,166,358,142,102,109,240,433,0,0,497,354,291,0,452,170,0,0
126,J. Winslow - winslju01,"['J. Winslow ', ' winslju01']",-1,MIA,27,6,43,20,48,18,7,5,38,21,0,0,27,18,27,0,44,7,0,0
127,D. Brooks - brookdi01,"['D. Brooks ', ' brookdi01']",-1,MEM,416,151,218,104,423,170,14,27,287,181,0,0,206,166,255,0,152,67,0,0
128,M. Leonard - leoname01,"['M. Leonard ', ' leoname01']",-1,MIA,132,55,26,20,34,12,12,15,112,55,0,0,30,20,136,0,58,19,0,0
129,K. Nunn - nunnke01,"['K. Nunn ', ' nunnke01']",-1,MIA,434,149,218,125,312,136,16,18,174,94,0,0,108,93,227,0,240,60,0,0
130,J. Morant - moranja01,"['J. Morant ', ' moranja01']",-1,MEM,185,63,387,199,325,147,2,18,111,279,0,0,316,245,222,0,496,58,0,0
131,J. Valančiūnas - valanjo01,"['J. Valančiūnas ', ' valanjo01']",-1,MEM,95,32,257,168,188,96,147,76,199,196,0,0,206,154,279,0,137,47,0,0
132,J. Crowder - crowdja01,"['J. Crowder ', ' crowdja01']",-1,MIA,555,190,140,90,62,22,2,36,204,164,0,0,171,132,209,0,200,86,0,0
133,G. Dragić - dragigo01,"['G. Dragić ', ' dragigo01']",-1,MIA,445,161,236,145,298,125,13,12,176,240,0,0,307,240,210,0,376,57,0,0
134,B. Clarke - clarkbr01,"['B. Clarke ', ' clarkbr01']",-1,MEM,69,27,165,107,167,90,9,50,103,82,0,0,112,85,94,0,84,33,0,0
135,M. Guduric - gudurma01,"['M. Guduric ', ' gudurma01']",-1,MEM,83,25,42,26,31,10,0,8,35,31,0,0,26,24,44,0,45,14,0,0
136,D. Jones - jonesde02,"['D. Jones ', ' jonesde02']",-1,MIA,141,41,110,60,16,4,0,43,142,114,0,0,128,97,176,0,69,66,0,0
137,T. Jones - jonesty01,"['T. Jones ', ' jonesty01']",-1,MEM,124,47,83,48,220,101,2,6,44,48,0,0,58,43,138,0,285,59,0,0
138,K. Olynyk - olynyke01,"['K. Olynyk ', ' olynyke01']",-1,MIA,283,112,120,77,71,27,9,31,209,138,0,0,128,109,177,0,135,51,0,0
139,K. Anderson - anderky01,"['K. Anderson ', ' anderky01']",-1,MEM,86,25,84,50,152,75,5,38,116,74,0,0,79,53,184,0,171,59,0,0
140,G. Allen - allengr01,"['G. Allen ', ' allengr01']",-1,MEM,142,57,35,18,62,31,4,2,57,55,0,0,47,40,64,0,53,10,0,0
141,D. Robinson - robindu01,"['D. Robinson ', ' robindu01']",-1,MIA,762,332,66,54,28,10,3,25,259,114,0,0,110,100,321,0,140,51,0,0
142,B. Caboclo - cabocbr01,"['B. Caboclo ', ' cabocbr01']",-1,HOU,34,6,28,15,13,5,3,17,33,10,0,1,9,8,17,0,12,18,0,0
143,C. Silva - silvach01,"['C. Silva ', ' silvach01']",-1,MIA,3,0,40,22,7,4,7,21,86,52,0,0,55,37,47,0,23,9,0,0
144,D. Melton - meltode01,"['D. Melton ', ' meltode01']",-1,MEM,141,41,110,58,128,40,4,20,111,109,0,0,121,93,107,0,176,81,0,0
145,K. Okpala - okpalkz01,"['K. Okpala ', ' okpalkz01']",-1,MIA,1,0,2,1,0,0,0,1,2,3,0,0,2,1,4,0,1,2,0,0
146,E. Kanter - kanteen01,"['E. Kanter ', ' kanteen01']",-1,BOS,8,2,266,161,36,15,65,41,120,97,0,0,109,75,175,0,63,25,0,0
147,J. Tatum - tatumja01,"['J. Tatum ', ' tatumja01']",-1,BOS,595,236,421,205,459,182,10,77,187,325,0,0,436,354,265,0,285,115,0,0
148,J. Embiid - embiijo01,"['J. Embiid ', ' embiijo01']",-1,PHI,188,61,200,127,381,152,55,70,197,388,0,0,494,399,218,0,157,86,0,0
149,K. Walker - walkeke02,"['K. Walker ', ' walkeke02']",-1,BOS,599,219,281,146,265,126,0,35,139,282,0,0,323,278,223,0,354,66,0,0
150,J. Richardson - richajo01,"['J. Richardson ', ' richajo01']",-1,PHI,277,95,129,66,272,119,7,38,151,174,0,0,159,131,198,0,175,54,0,0
151,B. Simmons - simmobe01,"['B. Simmons ', ' simmobe01']",-1,PHI,7,2,354,198,89,32,89,33,192,285,0,0,298,185,112,0,455,125,0,0
152,J. Brown - brownja02,"['J. Brown ', ' brownja02']",-1,BOS,458,172,372,206,273,127,10,29,218,251,0,0,306,229,198,0,157,101,0,0
153,A. Horford - horfoal01,"['A. Horford ', ' horfoal01']",-1,PHI,287,99,125,78,195,84,100,66,157,99,0,0,87,65,239,0,279,77,0,0
154,G. Hayward - haywago01,"['G. Hayward ', ' haywago01']",-1,BOS,246,92,190,110,283,141,3,24,108,141,0,0,153,131,139,0,226,45,0,0
155,T. Harris - harrito02,"['T. Harris ', ' harrito02']",-1,PHI,372,133,286,155,492,218,22,41,179,181,0,0,235,189,222,0,243,57,0,0
156,J. Ennis - ennisja01,"['J. Ennis ', ' ennisja01']",-1,ORL,185,59,134,71,48,21,0,24,158,98,0,0,107,86,195,0,69,42,0,0
157,M. Smart - smartma01,"['M. Smart ', ' smartma01']",-1,BOS,518,178,143,65,196,76,14,37,226,225,0,0,208,176,200,0,369,124,0,0
158,M. Thybulle - thybuma01,"['M. Thybulle ', ' thybuma01']",-1,BOS,161,57,45,15,26,7,2,48,148,44,0,0,41,25,183,0,81,99,0,0
159,D. Theis - theisda01,"['D. Theis ', ' theisda01']",-1,BOS,122,36,187,105,93,43,19,105,287,178,0,0,147,113,285,0,136,94,0,0
160,S. Ojeleye - ojelese01,"['S. Ojeleye ', ' ojelese01']",-1,BOS,150,53,35,13,30,14,0,5,89,47,0,0,34,30,121,0,38,25,0,0
161,M. Scott - scottmi01,"['M. Scott ', ' scottmi01']",-1,PHI,219,80,69,39,58,27,3,5,98,35,0,0,41,34,142,0,57,23,0,0
162,C. Edwards - edwarca01,"['C. Edwards ', ' edwarca01']",-1,BOS,76,24,24,7,27,11,0,4,34,18,0,0,19,13,38,0,24,12,0,0
163,F. Korkmaz - korkmfu01,"['F. Korkmaz ', ' korkmfu01']",-1,PHI,362,143,77,39,117,47,4,16,101,92,0,0,107,80,157,0,81,43,0,0
164,G. Williams - willigr01,"['G. Williams ', ' willigr01']",-1,BOS,113,34,72,44,30,11,13,41,197,68,0,0,64,46,163,0,74,36,0,0
165,R. Williams - williro04,"['R. Williams ', ' williro04']",-1,BOS,1,0,47,28,13,7,3,41,69,39,0,0,40,24,80,0,37,26,0,0
166,B. Wanamaker - wanambr01,"['B. Wanamaker ', ' wanambr01']",-1,BOS,129,49,155,88,133,49,1,18,166,108,0,0,152,140,166,0,209,74,0,0
167,K. O'Quinn - oquinky01,"[""K. O'Quinn "", ' oquinky01']",-1,PHI,27,7,29,19,23,12,2,24,41,22,0,0,20,11,44,0,52,8,0,0
168,S. Milton - miltosh01,"['S. Milton ', ' miltosh01']",-1,PHI,160,68,81,55,75,29,3,7,106,57,0,0,72,57,109,0,115,25,0,0
169,T. Bryant - bryanth01,"['T. Bryant ', ' bryanth01']",-1,WAS,91,37,117,71,120,54,22,49,109,101,0,0,116,86,117,0,83,43,0,0
170,R. Hachimura - hachiru01,"['R. Hachimura ', ' hachiru01']",-1,WAS,87,25,183,93,193,77,35,8,105,118,0,0,140,116,119,0,87,41,0,0
171,K. Porziņģis - porzikr01,"['K. Porziņģis ', ' porzikr01']",-1,DAL,420,151,125,60,324,121,10,118,201,237,0,0,306,246,198,0,104,79,0,0
172,L. Dončić - doncilu01,"['L. Dončić ', ' doncilu01']",-1,DAL,585,187,403,270,369,167,11,17,183,511,0,0,626,468,136,0,590,72,0,0
173,C. Lee - leeco01,"['C. Lee ', ' leeco01']",-1,DAL,47,21,15,10,18,7,0,6,33,4,0,0,7,6,40,0,12,19,0,0
174,B. Beal - bealbr01,"['B. Beal ', ' bealbr01']",-1,WAS,481,170,348,202,423,178,5,23,134,349,0,0,457,385,118,0,347,75,0,0
175,I. Smith - smithis01,"['I. Smith ', ' smithis01']",-1,WAS,169,62,220,118,298,128,2,30,107,81,0,0,86,62,126,0,334,60,0,0
176,D. Wright - wrighde01,"['D. Wright ', ' wrighde01']",-1,DAL,129,48,193,111,85,28,5,22,95,99,0,0,105,80,171,0,251,90,0,0
177,I. Bonga - bongais01,"['I. Bonga ', ' bongais01']",-1,WAS,71,25,123,74,20,7,10,22,156,106,0,0,85,69,169,0,76,47,0,0
178,M. Kleber - klebima01,"['M. Kleber ', ' klebima01']",-1,DAL,345,124,108,52,34,15,6,90,198,113,0,1,105,88,229,0,97,32,0,0
179,D. Finney-Smith - finnedo01,"['D. Finney', 'Smith ', ' finnedo01']",-1,DAL,333,125,137,72,35,10,2,42,202,98,0,0,113,82,228,0,133,57,0,0
180,T. Hardaway - hardati02,"['T. Hardaway ', ' hardati02']",-1,DAL,567,223,149,71,238,109,4,5,146,173,0,0,193,157,189,0,148,46,0,0
181,M. Wagner - wagnemo01,"['M. Wagner ', ' wagnemo01']",-1,WAS,80,25,138,90,13,3,11,19,156,119,0,0,95,78,90,0,56,33,0,0
182,J. Brunson - brunsja01,"['J. Brunson ', ' brunsja01']",-1,DAL,120,43,79,46,184,90,5,4,74,118,0,0,75,61,113,0,188,23,0,0
183,C. Chiozza - chiozch01,"['C. Chiozza ', ' chiozch01']",-1,BRK,88,32,44,21,32,10,0,4,44,22,0,0,9,7,46,0,100,27,0,0
184,D. Bertāns - bertada01,"['D. Bertāns ', ' bertada01']",-1,WAS,472,200,66,30,55,19,2,33,145,129,0,0,122,104,95,0,92,38,0,0
185,J. McRae - mcraejo01,"['J. McRae ', ' mcraejo01']",-1,DET,126,45,92,44,135,50,2,16,75,85,0,0,109,83,60,0,93,21,0,0
186,A. Schofield - schofad01,"['A. Schofield ', ' schofad01']",-1,WAS,61,19,20,9,7,4,1,4,50,19,0,0,15,10,45,0,15,8,0,0
187,S. Curry - curryse01,"['S. Curry ', ' curryse01']",-1,LAC,342,155,86,52,197,107,2,9,126,84,0,0,102,85,179,0,132,44,0,0
188,J. Jackson - jacksju01,"['J. Jackson ', ' jacksju01']",-1,DAL,166,48,81,46,91,35,7,10,70,47,0,0,54,44,113,0,52,15,0,0
189,R. Carlisle - carliri01c,"['R. Carlisle ', ' carliri01c']",-1,0,0,0,0,0,0,0,0,0,11,0,0,0,0,0,0,0,0,0,0,0
190,G. Mathews - mathega01,"['G. Mathews ', ' mathega01']",-1,WAS,46,19,3,1,7,4,0,1,32,29,0,0,34,31,27,0,10,9,0,0
191,B. Portis - portibo01,"['B. Portis ', ' portibo01']",-1,NYK,187,67,124,71,192,77,69,18,116,89,0,0,93,71,128,0,98,35,0,0
192,M. Morris - morrima03,"['M. Morris ', ' morrima03']",-1,LAC,407,170,96,48,412,189,3,31,235,179,0,0,234,194,195,0,107,62,0,0
193,D. Murray - murrade01,"['D. Murray ', ' murrade01']",-1,SAS,111,41,203,97,298,137,4,17,145,106,0,0,114,91,238,0,271,113,0,0
194,B. Forbes - forbebr01,"['B. Forbes ', ' forbebr01']",-1,SAS,381,148,50,28,150,66,0,0,113,56,0,0,90,75,219,0,108,33,0,0
195,L. Aldridge - aldrila01,"['L. Aldridge ', ' aldrila01']",-1,SAS,157,61,145,92,409,183,47,87,128,163,0,0,191,158,129,0,129,72,0,0
196,J. Randle - randlju01,"['J. Randle ', ' randlju01']",-1,NYK,231,64,373,198,303,130,43,22,184,278,0,0,352,258,152,0,198,60,0,0
197,R. Barrett - barrerj01,"['R. Barrett ', ' barrerj01']",-1,NYK,197,63,311,141,172,51,6,17,122,195,0,0,254,156,129,0,143,56,0,0
198,T. Lyles - lylestr01,"['T. Lyles ', ' lylestr01']",-1,DAL,168,65,80,42,72,26,2,28,101,46,0,0,45,33,161,0,69,31,0,0
199,A. Trier - trieral01,"['A. Trier ', ' trieral01']",-1,NYK,53,19,18,9,29,18,0,4,30,28,0,0,43,34,18,0,28,3,0,0
200,D. DeRozan - derozde01,"['D. DeRozan ', ' derozde01']",-1,SAS,35,9,303,194,674,321,6,20,195,334,0,0,451,381,161,0,379,72,0,0
201,D. White - whitede01,"['D. White ', ' whitede01']",-1,SAS,216,79,167,89,158,75,0,59,152,215,0,0,211,180,166,0,241,45,0,0
202,D. Smith - smithde03,"['D. Smith ', ' smithde03']",-1,NYK,54,16,68,31,79,18,1,8,68,51,0,0,53,27,61,0,98,28,0,0
203,R. Gay - gayru01,"['R. Gay ', ' gayru01']",-1,SAS,220,74,85,52,254,113,9,33,105,107,0,0,136,120,151,0,114,41,0,0
204,P. Mills - millspa02,"['P. Mills ', ' millspa02']",-1,SAS,403,154,85,55,110,49,0,6,105,118,0,0,112,97,135,0,118,53,0,0
205,T. Gibson - gibsota01,"['T. Gibson ', ' gibsota01']",-1,NYK,14,4,121,77,84,36,27,30,123,61,0,0,56,41,172,0,52,57,0,0
206,J. Pöltl - poeltja01,"['J. Pöltl ', ' poeltja01']",-1,SAS,0,0,85,49,34,20,11,45,52,56,0,0,53,26,83,0,62,24,0,0
207,K. Knox - knoxke01,"['K. Knox ', ' knoxke01']",-1,NYK,199,65,81,33,96,28,7,28,106,81,0,0,101,66,121,0,61,23,0,0
208,M. Belinelli - belinma01,"['M. Belinelli ', ' belinma01']",-1,SAS,178,67,33,18,101,38,2,1,45,51,0,0,58,48,104,0,69,12,0,0
209,W. Ellington - ellinwa01,"['W. Ellington ', ' ellinwa01']",-1,NYK,143,50,11,6,20,5,0,4,41,22,0,0,13,11,67,0,44,14,0,0
210,E. Payton - paytoel01,"['E. Payton ', ' paytoel01']",-1,NYK,69,14,196,102,163,67,3,17,92,77,0,0,86,49,100,0,323,70,0,0
211,F. Ntilikina - ntilila01,"['F. Ntilikina ', ' ntilila01']",-1,NYK,137,44,65,35,121,46,1,16,144,69,0,0,59,51,136,0,172,58,0,0
212,S. Adams - adamsst01,"['S. Adams ', ' adamsst01']",-1,OKC,4,1,229,130,71,42,135,69,134,228,0,0,221,126,270,0,155,113,0,0
213,R. Gobert - goberru01,"['R. Gobert ', ' goberru01']",-1,UTA,0,0,331,175,13,4,23,145,252,415,0,0,445,276,175,0,109,102,0,0
214,R. O'Neale - onealro01,"[""R. O'Neale "", ' onealro01']",-1,UTA,266,102,90,45,24,10,0,34,229,81,0,0,61,45,246,0,199,72,0,0
215,M. Conley - conlemi01,"['M. Conley ', ' conlemi01']",-1,UTA,290,114,118,65,220,84,3,6,114,168,0,0,161,134,182,0,234,45,0,0
216,S. Gilgeous-Alexander - gilgesh01,"['S. Gilgeous', 'Alexander ', ' gilgesh01']",-1,OKC,286,101,447,226,351,169,1,50,134,334,0,0,380,310,201,0,261,87,0,0
217,D. Gallinari - gallida01,"['D. Gallinari ', ' gallida01']",-1,OKC,476,190,132,55,248,111,2,6,88,257,0,0,328,295,196,0,126,48,0,0
218,B. Bogdanović - bogdabo02,"['B. Bogdanović ', ' bogdabo02']",-1,UTA,457,189,240,124,206,81,5,7,113,195,0,0,277,250,147,0,131,36,0,0
219,C. Paul - paulch01,"['C. Paul ', ' paulch01']",-1,OKC,347,127,102,66,550,296,0,14,184,273,0,0,305,276,281,0,509,123,0,0
220,D. Mitchell - mitchdo01,"['D. Mitchell ', ' mitchdo01']",-1,UTA,537,206,344,183,572,262,8,16,190,302,0,0,380,333,254,0,328,78,0,0
221,J. Ingles - inglejo01,"['J. Ingles ', ' inglejo01']",-1,UTA,393,155,127,74,83,36,2,12,176,132,0,0,100,80,271,0,406,69,0,0
222,D. Schröder - schrode01,"['D. Schröder ', ' schrode01']",-1,OKC,370,138,320,184,380,171,1,15,166,227,0,0,261,218,136,0,287,53,0,0
223,E. Mudiay - mudiaem01,"['E. Mudiay ', ' mudiaem01']",-1,UTA,90,32,104,51,140,69,0,11,72,80,0,0,85,64,113,0,118,25,0,0
224,T. Ferguson - fergute01,"['T. Ferguson ', ' fergute01']",-1,OKC,178,51,29,15,17,9,0,17,158,40,0,0,20,15,165,0,52,29,0,0
225,D. Bazley - bazleda01,"['D. Bazley ', ' bazleda01']",-1,OKC,163,60,98,36,56,15,3,44,57,55,0,0,72,52,153,0,47,24,0,0
226,N. Noel - noelne01,"['N. Noel ', ' noelne01']",-1,OKC,4,1,69,40,81,30,9,96,182,113,0,0,116,85,201,0,60,68,0,0
227,J. Green - greenje02,"['J. Green ', ' greenje02']",-1,HOU,237,85,120,67,42,20,10,25,117,90,0,0,108,87,126,0,69,38,0,0
228,E. Davis - davised01,"['E. Davis ', ' davised01']",-1,UTA,0,0,33,17,4,1,6,9,61,24,0,0,14,7,51,0,12,14,0,0
229,H. Diallo - diallha01,"['H. Diallo ', ' diallha01']",-1,OKC,62,17,130,56,68,25,4,11,104,69,0,0,70,42,105,0,37,37,0,0
230,M. Muscala - muscami01,"['M. Muscala ', ' muscami01']",-1,OKC,144,55,25,14,16,5,3,12,60,40,0,0,22,18,82,0,41,12,0,0
231,G. Niang - niangge01,"['G. Niang ', ' niangge01']",-1,UTA,254,102,45,26,54,27,11,6,84,30,0,0,26,22,165,0,48,18,0,0
232,M. Bagley - baglema01,"['M. Bagley ', ' baglema01']",-1,MIA,22,4,56,27,41,16,19,12,44,37,0,0,31,25,31,0,10,10,0,0
233,D. Šarić - saricda01,"['D. Šarić ', ' saricda01']",-1,PHO,235,84,182,115,85,35,30,16,157,140,0,1,128,108,205,0,123,39,0,0
234,H. Barnes - barneha02,"['H. Barnes ', ' barneha02']",-1,SAC,268,102,285,163,176,59,30,12,93,225,0,0,267,214,195,0,159,46,0,0
235,D. Booker - bookede01,"['D. Booker ', ' bookede01']",-1,PHO,398,141,304,202,548,255,11,18,223,447,0,0,509,468,152,0,456,52,0,0
236,D. Fox - foxde01,"['D. Fox ', ' foxde01']",-1,SAC,185,54,296,173,303,141,2,25,151,283,0,0,342,241,132,0,348,75,0,0
237,R. Rubio - rubiori01,"['R. Rubio ', ' rubiori01']",-1,PHO,216,78,200,97,276,112,0,11,169,222,0,0,226,195,247,0,570,95,0,0
238,B. Hield - hieldbu01,"['B. Hield ', ' hieldbu01']",-1,SAC,688,271,170,98,284,113,2,17,167,99,0,0,136,115,167,0,213,66,0,0
239,K. Oubre - oubreke01,"['K. Oubre ', ' oubreke01']",-1,PHO,307,108,221,95,211,98,2,40,200,200,0,0,246,192,161,0,85,72,0,0
240,D. Ayton - aytonde01,"['D. Ayton ', ' aytonde01']",-1,PHO,13,3,187,105,211,87,64,58,119,92,0,0,89,67,118,0,72,44,0,0
241,D. Dedmon - dedmode01,"['D. Dedmon ', ' dedmode01']",-1,ATL,107,22,67,37,39,15,14,41,136,53,0,0,36,30,120,0,22,39,0,0
242,F. Kaminsky - kaminfr01,"['F. Kaminsky ', ' kaminfr01']",-1,PHO,124,41,80,43,71,32,16,10,75,73,0,0,90,61,95,0,75,23,0,0
243,A. Baynes - baynear01,"['A. Baynes ', ' baynear01']",-1,PHO,168,59,95,49,41,21,46,23,143,98,0,0,75,56,139,0,67,22,0,0
244,J. Carter - carteje01,"['J. Carter ', ' carteje01']",-1,DAL,146,62,43,18,53,20,0,17,88,33,0,1,27,23,106,0,84,48,0,0
245,C. Joseph - josepco01,"['C. Joseph ', ' josepco01']",-1,SAC,159,56,80,50,165,60,8,21,133,113,0,0,70,60,182,0,251,53,0,0
246,R. Holmes - holmeri01,"['R. Holmes ', ' holmeri01']",-1,BRK,0,0,131,80,87,46,46,56,171,104,0,0,118,93,138,0,42,70,0,0
247,T. Ariza - arizatr01,"['T. Ariza ', ' arizatr01']",-1,POR,207,77,71,42,23,4,4,15,114,80,0,0,74,62,116,0,91,70,0,0
248,N. Bjelica - bjeline01,"['N. Bjelica ', ' bjeline01']",-1,SAC,320,134,174,96,96,43,45,40,216,95,0,0,84,69,258,0,203,64,0,0
249,B. Bogdanović - bogdabo01,"['B. Bogdanović ', ' bogdabo01']",-1,SAC,441,164,123,75,195,96,4,15,134,128,0,0,116,86,139,0,207,64,0,0
250,T. Johnson - johnsty01,"['T. Johnson ', ' johnsty01']",-1,BRK,147,49,45,21,103,47,1,10,69,45,0,0,52,44,95,0,83,16,0,0
251,M. Bridges - bridgmi01,"['M. Bridges ', ' bridgmi01']",-1,PHO,194,70,160,101,80,33,1,46,163,137,0,0,122,103,197,0,129,103,0,0
252,C. Swanigan - swanica01,"['C. Swanigan ', ' swanica01']",-1,POR,2,0,25,18,11,3,8,7,62,28,0,0,17,9,37,0,31,5,0,0
253,C. Diallo - diallch01,"['C. Diallo ', ' diallch01']",-1,PHO,3,1,70,47,35,17,12,12,55,36,0,0,39,34,57,0,22,12,0,0
254,W. Gabriel - gabriwe01,"['W. Gabriel ', ' gabriwe01']",-1,POR,26,9,24,9,6,4,1,9,57,21,0,0,24,16,43,0,13,13,0,0
255,Y. Ferrell - ferreyo01,"['Y. Ferrell ', ' ferreyo01']",-1,SAC,79,24,31,15,78,40,0,4,38,46,0,0,42,36,56,0,69,18,0,0
256,J. Harper - harpeja01,"['J. Harper ', ' harpeja01']",-1,PHO,2,0,2,1,0,0,0,0,0,0,0,0,0,0,0,0,0,0,0,0
257,E. Okobo - okoboel01,"['E. Okobo ', ' okoboel01']",-1,PHO,71,25,64,34,44,12,1,4,54,60,0,0,71,50,87,0,115,24,0,0
258,N. Jokić - jokicni01,"['N. Jokić ', ' jokicni01']",-1,DEN,353,122,340,222,547,287,151,59,293,462,0,0,380,312,279,0,621,159,0,0
259,R. Hood - hoodro01,"['R. Hood ', ' hoodro01']",-1,LAL,71,35,18,11,73,34,6,4,46,35,0,0,27,21,52,0,32,18,0,0
260,P. Millsap - millspa01,"['P. Millsap ', ' millspa01']",-1,DEN,168,69,192,104,156,58,15,39,202,164,0,0,195,158,181,0,106,59,0,0
261,C. McCollum - mccolcj01,"['C. McCollum ', ' mccolcj01']",-1,POR,554,210,257,141,646,308,12,45,201,157,0,0,211,159,212,0,327,64,0,0
262,W. Barton - bartowi01,"['W. Barton ', ' bartowi01']",-1,DEN,288,108,220,113,199,85,4,29,124,110,0,0,133,102,139,0,212,64,0,0
263,H. Whiteside - whiteha01,"['H. Whiteside ', ' whiteha01']",-1,POR,8,5,262,159,183,81,142,206,227,236,0,0,253,171,203,0,80,72,0,0
264,J. Murray - murraja01,"['J. Murray ', ' murraja01']",-1,DEN,461,174,272,159,491,229,1,23,145,271,0,0,263,233,213,0,410,86,0,0
265,D. Lillard - lillada01,"['D. Lillard ', ' lillada01']",-1,POR,721,288,443,249,238,100,5,23,127,437,0,0,565,506,45,0,557,74,0,0
266,G. Harris - harriga01,"['G. Harris ', ' harriga01']",-1,DEN,262,89,178,86,140,51,2,18,162,103,0,0,114,92,167,0,142,94,0,0
267,Z. Collins - colliza01,"['Z. Collins ', ' colliza01']",-1,POR,21,8,22,10,13,5,9,5,38,18,0,0,8,6,43,0,16,6,0,0
268,M. Plumlee - plumlma01,"['M. Plumlee ', ' plumlma01']",-1,DEN,6,0,131,72,36,6,44,46,183,175,0,0,167,91,186,0,179,42,0,0
269,M. Beasley - beaslma01,"['M. Beasley ', ' beaslma01']",-1,MIN,276,107,109,56,133,51,0,8,80,56,0,0,66,54,116,0,75,40,0,0
270,J. Grant - grantje01,"['J. Grant ', ' grantje01']",-1,DEN,347,129,192,103,175,64,12,72,215,233,0,0,250,195,198,0,113,75,0,0
271,S. Labissière - labissk01,"['S. Labissière ', ' labissk01']",-1,POR,13,3,33,13,44,24,28,31,89,34,0,0,33,25,74,0,42,8,0,0
272,T. Craig - craigto01,"['T. Craig ', ' craigto01']",-1,DEN,180,56,116,80,31,6,2,43,179,54,0,0,49,31,212,0,60,31,0,0
273,K. Bazemore - bazemke01,"['K. Bazemore ', ' bazemke01']",-1,SAC,244,84,168,69,105,33,3,40,203,152,0,0,147,113,159,0,93,78,0,0
274,M. Hezonja - hezonma01,"['M. Hezonja ', ' hezonma01']",-1,POR,89,27,79,38,60,26,6,10,119,59,0,0,65,53,104,0,56,41,0,0
275,M. Morris - morrimo01,"['M. Morris ', ' morrimo01']",-1,DEN,212,77,176,109,308,138,2,19,93,114,0,0,123,103,221,0,307,67,0,0
276,A. Simons - simonan01,"['A. Simons ', ' simonan01']",-1,POR,240,81,109,53,190,71,8,10,142,88,0,0,98,81,145,0,107,33,0,0
277,A. Tolliver - tollian01,"['A. Tolliver ', ' tollian01']",-1,MEM,147,50,22,7,13,7,2,12,80,35,0,0,31,23,108,0,42,21,0,0
278,A. Len - lenal01,"['A. Len ', ' lenal01']",-1,SAC,59,16,111,57,39,15,28,48,130,88,0,0,105,68,157,0,50,32,0,0
279,D. Hunter - huntede01,"['D. Hunter ', ' huntede01']",-1,ATL,304,108,174,78,171,70,9,18,182,132,0,0,144,110,234,0,112,46,0,0
280,C. Reddish - reddica01,"['C. Reddish ', ' reddica01']",-1,ATL,250,83,141,63,131,49,1,28,134,109,0,0,126,101,178,0,87,63,0,0
281,T. Young - youngtr01,"['T. Young ', ' youngtr01']",-1,ATL,568,205,289,147,392,194,0,8,115,464,0,0,559,481,198,0,560,66,0,0
282,J. Collins - collijo01,"['J. Collins ', ' collijo01']",-1,ATL,147,59,217,130,81,34,26,66,137,145,0,0,150,120,157,0,60,40,0,0
283,J. Parker - parkeja01,"['J. Parker ', ' parkeja01']",-1,SAC,119,32,131,66,64,25,30,16,99,70,0,0,81,61,131,0,68,48,0,0
284,B. Fernando - fernabr01,"['B. Fernando ', ' fernabr01']",-1,ATL,37,5,83,47,17,6,17,17,108,54,0,0,51,29,137,0,49,26,0,0
285,D. Bembry - bembrde01,"['D. Bembry ', ' bembrde01']",-1,TOR,65,15,103,53,31,12,7,19,87,47,0,0,48,26,88,0,81,56,0,0
286,V. Carter - cartevi01,"['V. Carter ', ' cartevi01']",-1,ATL,202,61,33,12,65,31,2,25,90,32,0,0,29,23,123,0,48,23,0,0
287,K. Huerter - huertke01,"['K. Huerter ', ' huertke01']",-1,ATL,334,127,94,47,166,67,5,27,140,58,0,0,64,53,204,0,213,51,0,0
288,E. Turner - turneev01,"['E. Turner ', ' turneev01']",-1,ATL,5,0,23,12,39,13,0,8,20,13,0,0,14,12,31,0,38,10,0,0
289,B. Lopez - lopezbr01,"['B. Lopez ', ' lopezbr01']",-1,MIL,378,123,156,84,113,48,79,176,199,150,0,0,172,142,340,0,104,102,0,0
290,P. Tucker - tuckepj01,"['P. Tucker ', ' tuckepj01']",-1,HOU,366,132,85,50,49,24,14,39,279,126,0,0,48,39,220,0,133,93,0,0
291,J. Harden - hardeja01,"['J. Harden ', ' hardeja01']",-1,HOU,960,338,470,275,284,142,1,70,276,607,0,0,916,790,164,0,604,152,0,0
292,D. House - houseda01,"['D. House ', ' houseda01']",-1,HOU,408,148,131,73,42,13,1,34,157,98,0,0,103,83,213,0,98,77,0,0
293,G. Antetokounmpo - antetgi01,"['G. Antetokounmpo ', ' antetgi01']",-1,MIL,333,102,520,320,243,97,58,74,230,576,0,1,710,445,328,0,405,83,0,0
294,E. Bledsoe - bledser01,"['E. Bledsoe ', ' bledser01']",-1,MIL,247,82,324,201,226,86,2,32,151,207,0,0,240,190,301,0,381,68,0,0
295,R. Westbrook - westbru01,"['R. Westbrook ', ' westbru01']",-1,HOU,246,63,633,359,483,197,4,22,239,302,0,0,412,307,250,0,438,108,0,0
296,C. Capela - capelca01,"['C. Capela ', ' capelca01']",-1,HOU,0,0,200,94,8,1,53,72,102,107,0,0,104,55,126,0,48,63,0,0
297,W. Matthews - matthwe02,"['W. Matthews ', ' matthwe02']",-1,MIA,340,125,78,44,57,19,2,13,127,90,0,0,78,59,281,0,101,47,0,0
298,K. Middleton - middlkh01,"['K. Middleton ', ' middlkh01']",-1,MIL,419,170,165,87,530,272,2,9,184,212,0,0,273,246,287,0,325,66,0,0
299,G. Hill - hillge01,"['G. Hill ', ' hillge01']",-1,MIL,204,91,152,95,75,28,0,5,101,117,0,0,127,106,148,0,211,54,0,0
300,E. İlyasova - ilyaser01,"['E. İlyasova ', ' ilyaser01']",-1,MIL,142,51,120,68,55,26,2,17,99,82,0,0,89,74,160,0,49,27,0,0
301,E. Gordon - gordoer01,"['E. Gordon ', ' gordoer01']",-1,HOU,393,125,175,92,61,19,2,20,97,119,0,0,147,117,144,0,90,36,0,0
302,A. Rivers - riverau01,"['A. Rivers ', ' riverau01']",-1,HOU,305,105,185,100,68,22,0,11,154,116,0,1,124,88,174,0,129,57,0,0
303,T. Chandler - chandty01,"['T. Chandler ', ' chandty01']",-1,HOU,0,0,6,3,0,0,1,8,32,17,0,0,15,6,43,0,6,7,0,0
304,S. Brown - brownst02,"['S. Brown ', ' brownst02']",-1,MIL,137,44,75,32,39,14,0,7,55,36,0,0,40,32,78,0,51,29,0,0
305,T. Sefolosha - sefolth01,"['T. Sefolosha ', ' sefolth01']",-1,HOU,54,15,26,20,10,2,1,12,45,8,0,0,8,3,56,0,25,24,0,0
306,R. Lopez - lopezro01,"['R. Lopez ', ' lopezro01']",-1,MIL,105,35,56,32,15,6,115,45,99,61,0,0,53,28,150,0,45,16,0,0
307,P. Connaughton - connapa01,"['P. Connaughton ', ' connapa01']",-1,MIA,189,63,91,54,17,2,8,33,82,45,0,0,42,33,179,0,118,30,0,0
308,K. Korver - korveky01,"['K. Korver ', ' korveky01']",-1,MIL,274,114,14,5,52,27,0,13,87,43,0,0,48,42,171,0,69,29,0,0
309,B. McLemore - mclembe01,"['B. McLemore ', ' mclembe01']",-1,HOU,488,195,68,39,6,3,1,16,165,64,0,0,67,50,208,0,64,50,0,0
310,K. Looney - looneke01,"['K. Looney ', ' looneke01']",-1,GSW,14,1,38,20,19,4,4,6,34,11,0,0,12,9,43,0,20,14,0,0
311,G. Robinson - robingl02,"['G. Robinson ', ' robingl02']",-1,PHI,197,77,125,68,224,104,6,16,100,65,0,0,86,74,169,0,96,55,0,0
312,D. Russell - russeda01,"['D. Russell ', ' russeda01']",-1,MIN,431,158,93,61,318,138,1,13,91,160,0,0,199,161,144,0,285,48,0,0
313,D. Green - greendr01,"['D. Green ', ' greendr01']",-1,LAL,129,36,91,49,76,27,14,33,124,83,0,0,83,63,109,0,266,60,0,0
314,S. Curry - curryst01,"['S. Curry ', ' curryst01']",-1,GSW,49,12,19,12,13,9,1,2,12,19,0,0,26,26,13,0,33,5,0,0
315,E. Paschall - pascher01,"['E. Paschall ', ' pascher01']",-1,GSW,129,37,201,107,231,105,8,13,126,166,0,0,212,164,144,0,127,34,0,0
316,J. Evans - evansja02,"['J. Evans ', ' evansja02']",-1,MIN,39,13,21,7,72,24,1,12,41,27,0,0,29,25,42,0,31,12,0,0
317,M. Chriss - chrisma01,"['M. Chriss ', ' chrisma01']",-1,GSW,39,8,144,69,58,19,27,62,129,135,0,0,156,120,161,0,114,57,0,0
318,J. Poole - poolejo01,"['J. Poole ', ' poolejo01']",-1,GSW,265,74,89,40,141,49,4,10,96,109,0,0,119,95,135,0,134,35,0,0
319,O. Spellman - spellom01,"['O. Spellman ', ' spellom01']",-1,GSW,110,43,83,38,68,27,4,24,64,67,0,0,92,73,100,0,47,37,0,0
320,K. Bowman - bowmaky01,"['K. Bowman ', ' bowmaky01']",-1,GSW,107,33,81,42,119,47,1,10,103,51,0,0,41,34,105,0,131,45,0,0
321,M. Kabengele - kabenmf01,"['M. Kabengele ', ' kabenmf01']",-1,LAC,20,9,5,1,3,0,0,2,9,4,0,0,5,5,0,0,2,2,0,0
322,T. Mann - mannte01,"['T. Mann ', ' mannte01']",-1,LAC,22,7,36,20,21,7,0,5,50,24,0,0,27,18,36,0,54,12,0,0
323,D. Lee - leeda03,"['D. Lee ', ' leeda03']",-1,GSW,239,85,110,60,156,64,1,6,116,125,0,0,126,110,129,0,133,50,0,0
324,J. Robinson - robinje01,"['J. Robinson ', ' robinje01']",-1,WAS,153,49,48,20,102,42,1,17,112,52,0,0,57,40,105,0,87,29,0,0
325,J. Motley - motlejo01,"['J. Motley ', ' motlejo01']",-1,LAC,1,1,7,5,1,0,3,0,6,5,0,0,7,5,0,0,8,3,0,0
326,S. Johnson - johnsst04,"['S. Johnson ', ' johnsst04']",-1,TOR,29,9,25,14,16,4,0,4,19,11,0,0,17,10,11,0,26,6,0,0
327,B. Biyombo - biyombi01,"['B. Biyombo ', ' biyombi01']",-1,CHO,0,0,124,62,39,10,56,49,116,130,0,0,151,91,157,0,50,32,0,0
328,C. Martin - martica02,"['C. Martin ', ' martica02']",-1,CHO,37,20,31,11,11,3,0,7,32,25,0,0,21,17,29,0,23,13,0,0
329,W. Hernangómez - hernawi01,"['W. Hernangómez ', ' hernawi01']",-1,CHO,22,5,59,34,23,13,19,7,33,48,0,0,59,37,33,0,29,11,0,0
330,C. Martin - martico01,"['C. Martin ', ' martico01']",-1,CHO,77,18,83,49,24,5,2,9,79,78,0,0,65,42,105,0,95,39,0,0
331,M. Kidd-Gilchrist - kiddgmi01,"['M. Kidd', 'Gilchrist ', ' kiddgmi01']",-1,DAL,29,7,24,11,22,5,5,7,45,19,0,0,20,15,48,0,17,3,0,0
332,G. Dieng - dienggo01,"['G. Dieng ', ' dienggo01']",-1,MEM,152,54,87,49,86,32,10,61,129,110,0,0,101,78,146,0,73,69,0,0
333,K. Martin - martike03,"['K. Martin ', ' martike03']",-1,MIN,96,25,36,22,45,21,0,9,51,25,0,0,31,30,50,0,23,7,0,0
334,J. Bell - belljo01,"['J. Bell ', ' belljo01']",-1,MEM,12,4,32,19,11,3,3,10,20,23,0,0,31,19,36,0,16,3,0,0
335,J. McDaniels - mcdanja01,"['J. McDaniels ', ' mcdanja01']",-1,CHO,24,9,23,11,13,6,6,3,36,18,0,0,17,14,30,0,13,8,0,0
336,M. Robinson - robinmi01,"['M. Robinson ', ' robinmi01']",-1,NYK,0,0,121,61,5,3,5,119,200,131,0,0,148,84,153,0,36,61,0,0
337,T. Waller-Prince - princta02,"['T. Waller', 'Prince ', ' princta02']",-1,BRK,286,89,108,47,92,34,0,19,125,66,0,0,59,48,125,0,81,46,0,0
338,S. Harrison - harrish01,"['S. Harrison ', ' harrish01']",-1,CHI,42,16,92,44,25,12,1,19,56,42,0,0,50,39,57,0,49,35,0,0
339,A. Nader - naderab01,"['A. Nader ', ' naderab01']",-1,OKC,133,49,81,45,45,20,2,22,79,50,0,0,68,52,119,0,38,24,0,0
340,D. Burton - burtode02,"['D. Burton ', ' burtode02']",-1,OKC,53,10,54,26,13,2,0,10,34,16,0,0,14,8,45,0,17,10,0,0
341,J. James - jamesju01,"['J. James ', ' jamesju01']",-1,SAC,29,9,13,6,31,11,0,9,17,19,0,0,21,10,32,0,18,6,0,0
342,N. Little - littlna01,"['N. Little ', ' littlna01']",-1,POR,59,14,47,25,22,7,2,14,72,35,0,0,44,28,77,0,22,13,0,0
343,A. Caruso - carusal01,"['A. Caruso ', ' carusal01']",-1,LAL,181,57,135,79,65,14,2,30,154,146,0,0,124,93,154,0,183,94,0,0
344,T. Bradley - bradlto01,"['T. Bradley ', ' bradlto01']",-1,UTA,3,3,119,73,19,9,17,35,120,46,0,0,53,35,124,0,24,19,0,0
345,S. Kidd - kiddst01,"['S. Kidd ', ' kiddst01']",-1,UTA,1,0,1,0,1,0,0,0,3,0,0,0,0,0,0,0,1,0,0,0
346,J. Brantley - brantja01,"['J. Brantley ', ' brantja01']",-1,UTA,16,3,9,5,7,1,0,6,11,4,0,0,4,2,7,0,13,3,0,0
347,Z. Norvell - norveza01,"['Z. Norvell ', ' norveza01']",-1,GSW,8,3,0,0,3,0,1,0,4,1,0,0,1,1,5,0,3,2,0,0
348,E. Spoelstra - spoeler99c,"['E. Spoelstra ', ' spoeler99c']",-1,0,0,0,0,0,0,0,0,0,4,0,0,0,0,0,0,0,0,0,0,0
349,R. Neto - netora01,"['R. Neto ', ' netora01']",-1,PHI,93,36,86,49,52,19,0,6,50,70,0,0,47,39,86,0,98,25,0,0
350,D. Jones - jonesda03,"['D. Jones ', ' jonesda03']",-1,ATL,9,2,65,32,5,1,4,40,149,79,0,0,84,62,158,0,35,44,0,0
351,V. Poirier - poirivi01,"['V. Poirier ', ' poirivi01']",-1,BOS,2,1,14,5,11,4,3,9,25,9,0,0,7,6,16,0,9,3,0,0
352,T. Fall - fallta01,"['T. Fall ', ' fallta01']",-1,BOS,0,0,3,2,0,0,6,4,7,6,0,0,5,2,2,0,1,1,0,0
353,J. Green - greenja02,"['J. Green ', ' greenja02']",-1,BOS,35,10,52,22,15,10,4,8,44,29,0,0,42,28,55,0,26,24,0,0
354,D. Dotson - dotsoda01,"['D. Dotson ', ' dotsoda01']",-1,NYK,163,59,44,25,82,35,1,4,45,28,0,0,33,22,75,0,57,23,0,0
355,M. Thomas - thomama02,"['M. Thomas ', ' thomama02']",-1,TOR,111,52,14,6,46,28,0,2,44,12,0,0,12,9,59,0,29,11,0,0
356,C. Boucher - bouchch01,"['C. Boucher ', ' bouchch01']",-1,TOR,123,40,112,48,21,9,7,63,119,96,0,0,117,91,92,0,27,26,0,0
357,M. Miller - millema01,"['M. Miller ', ' millema01']",-1,TOR,23,9,6,2,2,1,1,2,20,5,0,0,8,3,11,0,11,5,0,0
358,D. Valentine - valende01,"['D. Valentine ', ' valende01']",-1,CHI,137,46,14,7,82,43,4,6,54,12,0,0,8,6,67,0,43,27,0,0
359,R. Hollis-Jefferson - holliro01,"['R. Hollis', 'Jefferson ', ' holliro01']",-1,TOR,24,3,220,105,56,23,8,24,121,135,0,0,151,111,133,0,109,52,0,0
360,D. Gafford - gaffoda01,"['D. Gafford ', ' gaffoda01']",-1,CHI,0,0,57,34,7,3,9,56,99,57,0,0,60,32,112,0,21,15,0,0
361,J. Henson - hensojo01,"['J. Henson ', ' hensojo01']",-1,DET,36,8,54,36,5,2,46,42,78,53,0,0,46,23,88,0,54,31,0,0
362,G. Bitadze - bitadgo01,"['G. Bitadze ', ' bitadgo01']",-1,IND,42,8,26,14,55,25,13,37,66,26,0,0,33,24,59,0,23,12,0,0
363,T. Cook - cookty01,"['T. Cook ', ' cookty01']",-1,DEN,0,0,6,5,0,0,1,0,5,5,0,0,8,7,1,0,1,3,0,0
364,I. Thomas - thomais02,"['I. Thomas ', ' thomais02']",-1,WAS,189,78,52,18,183,77,2,6,82,67,0,0,76,62,94,0,146,15,0,0
365,L. Walker - walkelo01,"['L. Walker ', ' walkelo01']",-1,SAS,101,41,119,54,112,38,5,14,78,51,0,0,61,44,130,0,68,32,0,0
366,N. Williams-Goss - willini01,"['N. Williams', 'Goss ', ' willini01']",-1,SAS,7,2,4,2,5,1,0,1,6,2,0,0,2,2,1,0,7,4,0,0
367,C. Johnson - johnsca02,"['C. Johnson ', ' johnsca02']",-1,PHO,272,106,66,38,50,16,1,20,88,56,0,1,57,46,147,0,69,38,0,0
368,J. Patton - pattoju01,"['J. Patton ', ' pattoju01']",-1,OKC,4,1,2,0,1,0,2,0,4,0,0,0,0,0,2,0,2,0,0,0
369,S. Hill - hillso01,"['S. Hill ', ' hillso01']",-1,MIA,177,65,55,24,50,22,0,12,91,57,0,0,54,40,116,0,107,45,0,0
370,K. Antetokounmpo - antetko01,"['K. Antetokounmpo ', ' antetko01']",-1,LAL,0,0,0,0,0,0,0,0,2,2,0,0,2,1,1,0,2,0,0,0
371,P. McCaw - mccawpa01,"['P. McCaw ', ' mccawpa01']",-1,TOR,71,23,55,31,34,11,1,4,60,15,0,0,18,13,76,0,79,40,0,0
372,D. Wilson - wilsodj01,"['D. Wilson ', ' wilsodj01']",-1,MIL,73,18,17,11,22,10,4,5,33,20,0,0,18,11,35,0,25,3,0,0
373,J. Hayes - hayesja02,"['J. Hayes ', ' hayesja02']",-1,ORL,4,1,125,67,17,5,1,55,163,145,0,0,190,123,111,0,56,40,0,0
374,J. Poeltl - poeltja01,"['J. Poeltl ', ' poeltja01']",-1,SAS,0,0,79,52,15,9,14,50,74,40,0,0,33,14,86,0,55,28,0,0
375,J. Butler - butleji01,"['J. Butler ', ' butleji01']",-1,MIA,162,44,348,179,450,184,16,46,125,530,0,0,716,602,161,0,477,149,0,0
376,T. Wallace - wallaty01,"['T. Wallace ', ' wallaty01']",-1,BRK,15,1,20,10,8,2,0,1,19,14,0,0,17,11,18,0,13,7,0,0
377,D. Powell - poweldw01,"['D. Powell ', ' poweldw01']",-1,DAL,39,10,109,75,9,2,8,22,104,116,0,0,111,74,154,0,59,40,0,0
378,S. Clifford - cliffst99c,"['S. Clifford ', ' cliffst99c']",-1,0,0,0,0,0,0,0,0,0,6,0,0,0,0,0,0,0,0,0,0,0
379,J. Bolden - boldejo01,"['J. Bolden ', ' boldejo01']",-1,PHO,4,0,5,3,0,0,0,2,10,4,0,0,4,2,5,0,0,3,0,0
380,T. Pinson - pinsoth01,"['T. Pinson ', ' pinsoth01']",-1,BRK,80,15,58,24,13,4,0,4,35,24,0,0,16,15,46,0,56,19,0,0
381,S. Mykhailiuk - mykhasv01,"['S. Mykhailiuk ', ' mykhasv01']",-1,DET,285,115,88,37,20,5,2,4,87,55,0,0,70,57,121,0,106,41,0,0
382,G. Trent - trentga02,"['G. Trent ', ' trentga02']",-1,POR,295,123,52,27,134,54,2,18,109,61,0,0,54,44,114,0,65,60,0,0
383,T. Brown - browntr01,"['T. Brown ', ' browntr01']",-1,WAS,179,61,199,113,210,79,12,7,132,113,0,1,139,109,132,0,178,86,0,0
384,R. Anderson - anderry01,"['R. Anderson ', ' anderry01']",-1,HOU,5,1,1,0,1,1,0,0,1,0,0,0,0,0,0,0,2,1,0,0
385,R. McGruder - mcgruro01,"['R. McGruder ', ' mcgruro01']",-1,LAC,92,26,43,23,45,23,3,8,74,38,0,0,34,19,109,0,38,26,0,0
386,W. Cauley-Stein - caulewi01,"['W. Cauley', 'Stein ', ' caulewi01']",-1,DAL,1,0,102,57,84,23,26,61,123,70,0,0,66,40,154,0,70,71,0,0
387,A. Burks - burksal01,"['A. Burks ', ' burksal01']",-1,PHI,317,119,223,98,263,109,4,20,136,216,0,0,274,242,171,0,196,64,0,0
388,M. Porter - portemi01,"['M. Porter ', ' portemi01']",-1,DEN,236,96,142,84,115,50,3,31,143,82,0,1,107,86,146,0,62,42,0,0
389,J. Vanderbilt - vandeja01,"['J. Vanderbilt ', ' vandeja01']",-1,MIN,1,0,5,3,0,0,0,1,6,1,0,0,2,2,5,0,2,3,0,0
390,J. Hernangómez - hernaju01,"['J. Hernangómez ', ' hernaju01']",-1,MIN,129,44,88,38,11,2,0,9,63,75,0,0,71,44,88,0,40,20,0,0
391,J. Sampson - sampsja02,"['J. Sampson ', ' sampsja02']",-1,IND,13,2,52,35,34,15,8,12,74,32,0,0,27,18,70,0,25,18,0,0
392,B. Knight - knighbr03,"['B. Knight ', ' knighbr03']",-1,DET,131,45,13,4,23,10,0,3,40,43,0,0,34,20,33,0,69,12,0,0
393,K. Birch - birchkh01,"['K. Birch ', ' birchkh01']",-1,ORL,1,0,74,40,37,11,19,23,102,90,0,0,112,76,119,0,57,28,0,0
394,D. DiVincenzo - divindo01,"['D. DiVincenzo ', ' divindo01']",-1,MIL,268,90,203,115,70,32,1,23,134,106,0,0,106,76,245,0,166,93,0,0
395,W. Iwundu - iwundwe01,"['W. Iwundu ', ' iwundwe01']",-1,ORL,89,32,74,35,76,25,1,15,88,65,0,0,105,83,132,0,64,28,0,0
396,J. Magette - magetjo01,"['J. Magette ', ' magetjo01']",-1,ORL,4,1,3,3,8,1,0,1,4,3,0,0,2,1,2,0,5,3,0,0
397,A. Jefferson - jeffeam01,"['A. Jefferson ', ' jeffeam01']",-1,ORL,0,0,7,2,5,3,2,3,7,8,0,0,14,5,4,0,4,1,0,0
398,T. Antetokounmpo - antetth01,"['T. Antetokounmpo ', ' antetth01']",-1,MIL,10,0,21,11,5,2,1,2,19,15,0,0,17,7,11,0,15,7,0,0
399,M. Frazier - frazime01,"['M. Frazier ', ' frazime01']",-1,ORL,16,8,10,4,7,2,0,2,11,4,0,0,4,2,12,0,3,9,0,0
400,K. Kuzma - kuzmaky01,"['K. Kuzma ', ' kuzmaky01']",-1,LAL,355,112,184,118,243,96,34,33,177,134,0,0,192,143,176,0,97,35,0,0
401,B. Marjanović - marjabo01,"['B. Marjanović ', ' marjabo01']",-1,DAL,18,4,85,56,75,32,30,12,65,62,0,1,66,50,80,0,25,16,0,0
402,D. Carroll - carrode01,"['D. Carroll ', ' carrode01']",-1,HOU,33,8,20,10,12,7,3,5,33,29,0,0,42,29,23,0,26,8,0,0
403,C. Metu - metuch01,"['C. Metu ', ' metuch01']",-1,SAS,2,0,7,5,20,9,3,6,7,8,0,0,13,10,5,0,10,4,0,0
404,D. Eubanks - eubandr01,"['D. Eubanks ', ' eubandr01']",-1,SAS,1,1,26,16,8,3,20,17,38,28,0,0,26,20,34,0,15,7,0,0
405,J. Robinson - robinju01,"['J. Robinson ', ' robinju01']",-1,WAS,5,3,0,0,7,2,0,1,2,1,0,0,0,0,2,0,7,0,0,0
406,J. Johnson - johnsja01,"['J. Johnson ', ' johnsja01']",-1,MIN,91,33,87,53,20,5,2,32,80,33,0,0,48,31,64,0,74,26,0,0
407,C. Clemons - clemoch01,"['C. Clemons ', ' clemoch01']",-1,HOU,112,39,22,11,9,5,0,6,26,22,0,0,13,11,21,0,27,9,0,0
408,I. Brazdeikis - brazdig01,"['I. Brazdeikis ', ' brazdig01']",-1,NYK,9,1,8,5,5,0,0,1,3,3,0,0,5,4,0,0,4,0,0,0
409,R. Broekhoff - broekry01,"['R. Broekhoff ', ' broekry01']",-1,DAL,51,20,3,0,5,2,0,4,15,4,0,0,8,7,14,0,11,5,0,0
410,A. McKinnie - mckinal01,"['A. McKinnie ', ' mckinal01']",-1,CLE,65,14,55,34,38,14,1,8,72,26,0,0,31,22,61,0,14,24,0,0
411,C. Miles - milescj01,"['C. Miles ', ' milescj01']",-1,WAS,35,11,13,5,10,2,0,4,14,14,0,0,20,15,18,0,12,10,0,0
412,J. Bone - bonejo01,"['J. Bone ', ' bonejo01']",-1,DET,10,2,2,1,8,2,0,0,6,0,0,0,0,0,4,0,8,1,0,0
413,L. Pierce - piercll01c,"['L. Pierce ', ' piercll01c']",-1,0,0,0,0,0,0,0,0,0,6,0,0,0,0,0,0,0,0,0,0,0
414,C. Hutchison - hutchch01,"['C. Hutchison ', ' hutchch01']",-1,CHI,38,12,73,34,38,13,2,7,47,64,0,0,78,46,79,0,26,27,0,0
415,K. Thomas - thomakh01,"['K. Thomas ', ' thomakh01']",-1,DET,14,5,1,0,2,0,0,0,9,3,0,0,4,2,9,0,3,3,0,0
416,A. Johnson - johnsal02,"['A. Johnson ', ' johnsal02']",-1,IND,8,3,14,8,6,0,0,2,12,11,0,0,10,7,6,0,7,3,0,0
417,S. Brooks - brooksc01c,"['S. Brooks ', ' brooksc01c']",-1,0,0,0,0,0,0,0,0,0,8,0,0,0,0,0,0,0,0,0,0,0
418,C. Brown - brownch02,"['C. Brown ', ' brownch02']",-1,ATL,9,3,5,1,3,1,1,2,3,5,0,0,5,5,2,0,2,2,0,0
419,J. McLaughlin - mclaujo01,"['J. McLaughlin ', ' mclaujo01']",-1,MIN,76,29,77,43,16,8,1,4,31,47,0,0,39,26,73,0,125,35,0,0
420,J. Barea - bareajo01,"['J. Barea ', ' bareajo01']",-1,DAL,85,32,59,32,62,21,2,2,28,42,0,0,25,23,49,0,112,5,0,0
421,B. Brown - brownbr99c,"['B. Brown ', ' brownbr99c']",-1,0,0,0,0,0,0,0,0,0,10,0,0,0,0,0,0,0,0,0,0,0
422,H. Giles - gilesha01,"['H. Giles ', ' gilesha01']",-1,SAC,2,0,72,45,99,42,35,18,125,58,0,0,49,38,105,0,60,29,0,0
423,T. Burke - burketr01,"['T. Burke ', ' burketr01']",-1,DAL,92,40,84,41,91,42,1,4,49,35,0,0,39,29,78,0,95,24,0,0
424,N. Claxton - claxtni01,"['N. Claxton ', ' claxtni01']",-1,BRK,7,1,20,8,3,1,3,8,14,19,0,0,21,11,21,0,16,1,0,0
425,D. Musa - musadz01,"['D. Musa ', ' musadz01']",-1,BRK,84,19,81,39,15,6,3,2,32,64,0,0,74,55,49,0,47,15,0,0
426,J. Konchar - konchjo01,"['J. Konchar ', ' konchjo01']",-1,MEM,10,5,20,15,3,2,0,3,7,6,0,0,2,1,18,0,22,8,0,0
427,Y. Watanabe - watanyu01,"['Y. Watanabe ', ' watanyu01']",-1,MEM,8,3,9,4,12,5,0,1,9,6,0,0,8,3,10,0,5,5,0,0
428,K. Atkinson - atkinke01c,"['K. Atkinson ', ' atkinke01c']",-1,0,0,0,0,0,0,0,0,0,9,0,0,0,0,0,0,0,0,0,0,0
429,J. Hoard - hoardja01,"['J. Hoard ', ' hoardja01']",-1,POR,3,0,31,18,7,1,0,0,17,11,0,0,13,8,12,0,5,6,0,0
430,B. Griffin - griffbl01,"['B. Griffin ', ' griffbl01']",-1,DET,111,27,95,45,22,4,17,7,31,96,0,0,98,76,47,0,59,10,0,0
431,A. Gentry - gentral99c,"['A. Gentry ', ' gentral99c']",-1,0,0,0,0,0,0,0,0,0,6,0,0,0,0,0,0,0,0,0,0,0
432,S. Kerr - kerrst01c,"['S. Kerr ', ' kerrst01c']",-1,0,0,0,0,0,0,0,0,0,6,0,0,0,0,0,0,0,0,0,0,0
433,N. Nurse - nurseni01c,"['N. Nurse ', ' nurseni01c']",-1,0,0,0,0,0,0,0,0,0,14,0,0,0,0,0,0,0,0,0,0,0
434,D. Hall - hallde01,"['D. Hall ', ' hallde01']",-1,OKC,17,4,5,2,8,0,0,1,6,9,0,0,8,4,3,0,13,5,0,0
435,B. Bowen - bowenbr02,"['B. Bowen ', ' bowenbr02']",-1,IND,2,0,4,1,3,1,0,1,3,1,0,0,0,0,2,0,0,0,0,0
436,N. Mitrou-Long - mitrona01,"['N. Mitrou', 'Long ', ' mitrona01']",-1,IND,12,2,1,1,4,3,0,1,2,3,0,0,0,0,3,0,8,1,0,0
437,D. Macon - maconda01,"['D. Macon ', ' maconda01']",-1,MIA,2,1,0,0,1,0,0,0,1,0,0,0,0,0,2,0,1,0,0,0
438,U. Haslem - hasleud01,"['U. Haslem ', ' hasleud01']",-1,MIA,3,1,4,2,2,0,1,0,6,6,0,0,4,3,5,0,1,0,0,0
439,R. Rondo - rondora01,"['R. Rondo ', ' rondora01']",-1,LAL,175,61,177,93,85,33,12,4,97,66,0,0,60,40,155,0,345,62,0,0
440,M. Brown - brownmo01,"['M. Brown ', ' brownmo01']",-1,POR,0,0,5,2,0,0,3,1,7,5,0,0,8,3,2,0,1,1,0,0
441,D. Rivers - riverdo01c,"['D. Rivers ', ' riverdo01c']",-1,0,0,0,0,0,0,0,0,0,6,0,0,0,0,0,0,0,0,0,0,0
442,J. Boylen - boyleji02c,"['J. Boylen ', ' boyleji02c']",-1,0,0,0,0,0,0,0,0,0,7,0,0,0,0,0,0,0,0,0,0,0
443,P. George - georgpa01,"['P. George ', ' georgpa01']",-1,LAC,492,194,176,96,316,125,3,27,166,236,0,0,272,240,196,0,234,88,0,0
444,A. Crabbe - crabbal01,"['A. Crabbe ', ' crabbal01']",-1,MIN,119,36,14,9,43,17,0,4,47,13,0,0,14,10,72,0,33,15,0,0
445,J. Borrego - borreja99c,"['J. Borrego ', ' borreja99c']",-1,0,0,0,0,0,0,0,0,0,4,0,0,0,0,0,0,0,0,0,0,0
446,I. Hartenstein - harteis01,"['I. Hartenstein ', ' harteis01']",-1,HOU,5,0,40,27,9,4,1,12,41,26,0,0,28,19,32,0,18,11,0,0
447,G. Clark - clarkga01,"['G. Clark ', ' clarkga01']",-1,ORL,143,50,13,9,5,2,2,24,53,22,0,0,15,13,94,0,24,11,0,0
448,K. Bates-Diop - bateske01,"['K. Bates', 'Diop ', ' bateske01']",-1,DEN,103,34,94,53,32,6,2,24,43,53,0,0,77,55,75,0,31,21,0,0
449,I. Shumpert - shumpim01,"['I. Shumpert ', ' shumpim01']",-1,BRK,33,8,12,7,19,6,0,2,21,10,0,0,7,4,31,0,12,12,0,0
450,Z. Cheatham - cheatzy01,"['Z. Cheatham ', ' cheatzy01']",-1,NOP,1,0,3,3,2,1,1,1,10,0,0,0,0,0,6,0,3,1,0,0
451,J. Gray - grayjo01,"['J. Gray ', ' grayjo01']",-1,NOP,0,0,2,1,0,0,0,0,1,1,0,0,0,0,2,0,2,0,0,0
452,G. Popovich - popovgr99c,"['G. Popovich ', ' popovgr99c']",-1,0,0,0,0,0,0,0,0,0,6,0,0,0,0,0,0,0,0,0,0,0
453,D. Walton - waltode01,"['D. Walton ', ' waltode01']",-1,DET,24,10,3,2,12,6,0,0,21,9,0,0,9,7,22,0,27,7,0,0
454,A. Žižić - zizican01,"['A. Žižić ', ' zizican01']",-1,CLE,0,0,34,24,15,7,20,5,27,19,0,0,19,14,24,0,6,7,0,0
455,C. Parsons - parsoch01,"['C. Parsons ', ' parsoch01']",-1,ATL,14,4,3,1,1,0,0,1,3,1,0,0,0,0,5,0,3,4,0,0
456,D. Wade - wadede01,"['D. Wade ', ' wadede01']",-1,CLE,4,2,5,3,0,0,0,4,8,2,0,0,1,0,2,0,2,2,0,0
457,T. Luwawu-Cabarrot - luwawti01,"['T. Luwawu', 'Cabarrot ', ' luwawti01']",-1,BRK,199,75,100,52,27,8,0,7,120,59,0,0,93,80,89,0,35,21,0,0
458,D. Hernandez - hernade01,"['D. Hernandez ', ' hernade01']",-1,TOR,2,1,10,3,1,1,1,0,6,3,0,0,5,3,1,0,3,1,0,0
459,O. Brissett - brissos01,"['O. Brissett ', ' brissos01']",-1,TOR,15,3,11,4,2,0,1,1,18,7,0,0,10,8,11,0,7,4,0,0
460,M. Budenholzer - budenmi99c,"['M. Budenholzer ', ' budenmi99c']",-1,0,0,0,0,0,0,0,0,0,9,0,0,0,0,0,0,0,0,0,0,0
461,T. Stotts - stottte99c,"['T. Stotts ', ' stottte99c']",-1,0,0,0,0,0,0,0,0,0,5,0,0,0,0,0,0,0,0,0,0,0
462,D. Exum - exumda01,"['D. Exum ', ' exumda01']",-1,CLE,43,15,50,27,14,4,4,8,38,39,0,0,43,32,60,0,40,13,0,0
463,C. Anthony - anthoca01,"['C. Anthony ', ' anthoca01']",-1,POR,251,96,147,69,437,182,2,30,201,183,0,1,185,158,221,0,96,57,0,0
464,R. Saunders - saundry01c,"['R. Saunders ', ' saundry01c']",-1,0,0,0,0,0,0,0,0,0,5,0,0,0,0,0,0,0,0,0,0,0
465,B. Stevens - stevebr99c,"['B. Stevens ', ' stevebr99c']",-1,0,0,0,0,0,0,0,0,0,4,0,0,0,0,0,0,0,0,0,0,0
466,D. Jeffries - jeffrda01,"['D. Jeffries ', ' jeffrda01']",-1,SAC,18,5,8,5,6,4,2,1,19,6,0,0,6,5,12,0,7,4,0,0
467,M. Strus - strusma01,"['M. Strus ', ' strusma01']",-1,CHI,1,0,2,2,0,0,0,0,1,0,0,0,1,1,1,0,0,0,0,0
468,B. Donovan - donovbi99c,"['B. Donovan ', ' donovbi99c']",-1,0,0,0,0,0,0,0,0,0,6,0,0,0,0,0,0,0,0,0,0,0
469,K. Johnson - johnske04,"['K. Johnson ', ' johnske04']",-1,SAS,22,13,45,28,20,10,0,2,28,27,0,0,44,35,29,0,15,15,0,0
470,J. Nowell - nowelja01,"['J. Nowell ', ' nowelja01']",-1,MIN,26,3,15,7,8,5,1,1,11,11,0,0,17,16,13,0,19,3,0,0
471,D. Bender - bendedr01,"['D. Bender ', ' bendedr01']",-1,GSW,43,15,33,15,2,0,8,9,42,19,0,0,14,10,39,0,28,4,0,0
472,S. Doumbouya - doumbse01,"['S. Doumbouya ', ' doumbse01']",-1,DET,98,28,85,39,34,10,2,8,80,42,0,0,46,31,79,0,19,20,0,0
473,P. Sullivan - sullipa01c,"['P. Sullivan ', ' sullipa01c']",-1,0,0,0,0,0,0,0,0,0,1,0,0,0,0,0,0,0,0,0,0,0
474,T. Waters - watertr01,"['T. Waters ', ' watertr01']",-1,BOS,25,4,12,7,13,3,0,2,13,6,0,0,8,8,14,0,17,11,0,0
475,J. Morgan - morgaju01,"['J. Morgan ', ' morgaju01']",-1,UTA,18,5,17,11,1,1,0,2,30,8,0,0,10,5,30,0,11,3,0,0
476,S. Ponds - pondssh01,"['S. Ponds ', ' pondssh01']",-1,TOR,2,1,2,1,1,1,0,1,2,1,0,0,2,2,0,0,2,0,0,0
477,N. Pelle - pelleno01,"['N. Pelle ', ' pelleno01']",-1,PHI,1,0,29,12,3,1,1,32,55,12,0,1,14,7,38,0,8,5,0,0
478,F. Mason - masonfr01,"['F. Mason ', ' masonfr01']",-1,MIL,21,6,20,12,10,5,0,1,11,13,0,0,17,10,11,0,30,5,0,0
479,F. Vogel - vogelfr99c,"['F. Vogel ', ' vogelfr99c']",-1,0,0,0,0,0,0,0,0,0,9,0,0,0,0,0,0,0,0,0,0,0
480,T. Jerome - jeromty01,"['T. Jerome ', ' jeromty01']",-1,PHO,50,14,14,4,48,20,1,3,29,13,0,0,16,12,38,0,44,15,0,0
481,T. Jenkins - jenkita01c,"['T. Jenkins ', ' jenkita01c']",-1,0,0,0,0,0,0,0,0,0,1,0,0,0,0,0,0,0,0,0,0,0
482,K. Allen - allenka01,"['K. Allen ', ' allenka01']",-1,NYK,16,5,10,5,18,9,0,2,7,7,0,0,11,7,6,0,21,5,0,0
483,B. Goodwin - goodwbr01,"['B. Goodwin ', ' goodwbr01']",-1,ATL,87,26,54,30,47,20,2,4,43,31,0,0,30,28,58,0,51,12,0,0
484,I. Mahinmi - mahinia01,"['I. Mahinmi ', ' mahinia01']",-1,WAS,26,5,96,51,15,5,40,44,115,102,0,0,113,70,100,0,49,48,0,0
485,M. Nori - norimi01c,"['M. Nori ', ' norimi01c']",-1,0,0,0,0,0,0,0,0,0,1,0,0,0,0,0,0,0,0,0,0,0
486,L. Dort - dortlu01,"['L. Dort ', ' dortlu01']",-1,OKC,151,43,95,42,23,8,1,10,122,85,0,0,68,50,149,0,33,34,0,0
487,M. D'Antoni - dantomi01c,"[""M. D'Antoni "", ' dantomi01c']",-1,0,0,0,0,0,0,0,0,0,3,0,0,0,0,0,0,0,0,0,0,0
488,M. Oni - onimi01,"['M. Oni ', ' onimi01']",-1,UTA,23,8,5,2,5,2,1,3,11,7,0,0,5,4,12,0,4,5,0,0
489,N. Reid - reidna01,"['N. Reid ', ' reidna01']",-1,MIN,97,32,89,40,16,6,26,22,84,49,0,0,53,37,76,0,35,27,0,0
490,T. Horton-Tucker - hortota01,"['T. Horton', 'Tucker ', ' hortota01']",-1,LAL,18,6,15,11,6,2,1,1,14,3,0,0,4,2,8,0,6,10,0,0
491,L. Walton - waltolu01c,"['L. Walton ', ' waltolu01c']",-1,0,0,0,0,0,0,0,0,0,5,0,0,0,0,0,0,0,0,0,0,0
492,Q. Snyder - snydequ01c,"['Q. Snyder ', ' snydequ01c']",-1,0,0,0,0,0,0,0,0,0,7,0,0,0,0,0,0,0,0,0,0,0
493,H. Ellenson - ellenhe01,"['H. Ellenson ', ' ellenhe01']",-1,BRK,4,0,3,1,0,0,0,0,1,0,0,0,0,0,0,0,1,0,0,0
494,W. Chandler - chandwi01,"['W. Chandler ', ' chandwi01']",-1,BRK,121,37,27,15,33,20,1,12,79,17,0,0,23,20,80,0,39,17,0,0
495,A. Pasečņiks - pasecan01,"['A. Pasečņiks ', ' pasecan01']",-1,WAS,3,0,55,36,24,6,25,12,76,65,0,0,58,34,44,0,18,11,0,0
496,R. Langford - langfro01,"['R. Langford ', ' langfro01']",-1,BOS,29,6,37,15,14,5,3,8,37,27,0,0,27,19,48,0,15,9,0,0
497,V. Čančar - cancavl01,"['V. Čančar ', ' cancavl01']",-1,DEN,6,1,5,3,2,0,0,1,7,2,0,0,4,4,3,0,3,1,0,0
498,G. Payton - paytoga02,"['G. Payton ', ' paytoga02']",-1,NYK,46,13,52,22,5,2,2,7,54,11,0,0,8,4,43,0,48,33,0,0
499,J. Williams - willijo04,"['J. Williams ', ' willijo04']",-1,WAS,2,0,12,8,10,3,6,8,16,15,0,0,13,7,16,0,8,2,0,0
500,L. King - kinglo02,"['L. King ', ' kinglo02']",-1,DET,11,4,5,2,4,1,0,0,11,2,0,0,3,0,6,0,5,2,0,0
501,K. Hervey - herveke01,"['K. Hervey ', ' herveke01']",-1,OKC,20,3,3,2,4,2,0,1,4,1,0,0,0,0,2,0,5,1,0,0
502,A. Smailagić - smailal01,"['A. Smailagić ', ' smailal01']",-1,GSW,13,3,17,13,6,1,3,4,14,19,0,0,19,16,23,0,13,4,0,0
503,A. Mokoka - mokokad01,"['A. Mokoka ', ' mokokad01']",-1,CHI,15,6,12,6,1,0,0,0,17,4,0,0,4,2,10,0,4,4,0,0
504,R. Tucker - tuckera01,"['R. Tucker ', ' tuckera01']",-1,UTA,20,4,14,9,13,8,0,1,11,27,0,0,23,19,13,0,5,1,0,0
505,D. Adelman - adelmda01c,"['D. Adelman ', ' adelmda01c']",-1,0,0,0,0,0,0,0,0,0,1,0,0,0,0,0,0,0,0,0,0,0
506,R. Bullock - bullore01,"['R. Bullock ', ' bullore01']",-1,NYK,111,37,39,23,73,29,0,3,57,24,0,0,21,17,59,0,42,25,0,0
507,J. Reaves - reavejo02,"['J. Reaves ', ' reavejo02']",-1,DAL,3,0,5,3,3,0,0,1,6,2,0,0,4,4,3,0,4,0,0,0
508,A. Coffey - coffeam01,"['A. Coffey ', ' coffeam01']",-1,LAC,20,6,19,6,15,8,0,2,20,8,0,0,13,8,9,0,18,6,0,0
509,T. Bryant - bryantr01c,"['T. Bryant ', ' bryantr01c']",-1,0,0,0,0,0,0,0,0,0,1,0,0,0,0,0,0,0,0,0,0,0
510,D. Casey - caseydw99c,"['D. Casey ', ' caseydw99c']",-1,0,0,0,0,0,0,0,0,0,4,0,0,0,0,0,0,0,0,0,0,0
511,J. Anderson - anderju01,"['J. Anderson ', ' anderju01']",-1,BRK,40,11,7,1,1,1,0,7,17,8,0,0,8,6,7,0,11,1,0,0
512,B. Johnson - johnsbj01,"['B. Johnson ', ' johnsbj01']",-1,ORL,10,4,7,1,14,2,0,0,3,6,0,0,10,9,8,0,3,3,0,0
513,P. Watson - watsopa01,"['P. Watson ', ' watsopa01']",-1,TOR,12,4,6,2,6,1,0,1,5,9,0,0,9,7,5,0,9,5,0,0
514,M. Frazier - frazimi01,"['M. Frazier ', ' frazimi01']",-1,HOU,25,5,7,2,0,0,0,0,22,8,0,0,14,9,7,0,4,2,0,0
515,A. Cleveland - clevean01,"['A. Cleveland ', ' clevean01']",-1,DAL,3,0,9,4,6,1,0,3,9,3,0,0,5,3,3,0,1,2,0,0
516,K. Guy - guyky01,"['K. Guy ', ' guyky01']",-1,SAC,3,0,1,1,1,1,0,0,1,0,0,0,0,0,0,0,1,0,0,0
517,P. Prigioni - prigipa01c,"['P. Prigioni ', ' prigipa01c']",-1,0,0,0,0,0,0,0,0,0,2,0,0,0,0,0,0,0,0,0,0,0
518,N. McMillan - mcmilna01c,"['N. McMillan ', ' mcmilna01c']",-1,0,0,0,0,0,0,0,0,0,5,0,0,0,0,0,0,0,0,0,0,0
519,C. Felício - feliccr01,"['C. Felício ', ' feliccr01']",-1,CHI,2,0,35,25,7,1,3,2,34,19,0,0,23,18,54,0,16,11,0,0
520,P. Dozier - doziepj01,"['P. Dozier ', ' doziepj01']",-1,DEN,57,19,56,26,74,32,0,8,58,45,0,0,43,29,56,0,75,16,0,0
521,J. Lecque - lecquja01,"['J. Lecque ', ' lecquja01']",-1,PHO,4,0,3,2,2,1,0,0,3,3,0,0,2,2,5,0,2,0,0,0
522,C. Jent - jentch01c,"['C. Jent ', ' jentch01c']",-1,0,0,0,0,0,0,0,0,0,1,0,0,0,0,0,0,0,0,0,0,0
523,J. Moran - moranji01c,"['J. Moran ', ' moranji01c']",-1,0,0,0,0,0,0,0,0,0,2,0,0,0,0,0,0,0,0,0,0,0
524,M. Mooney - moonema01,"['M. Mooney ', ' moonema01']",-1,CLE,2,0,0,0,2,1,0,1,1,1,0,0,0,0,2,0,1,2,0,0
525,R. Pack - packro01c,"['R. Pack ', ' packro01c']",-1,0,0,0,0,0,0,0,0,0,1,0,0,0,0,0,0,0,0,0,0,0
526,Z. Williamson - willizi01,"['Z. Williamson ', ' willizi01']",-1,NOP,14,6,236,131,36,13,10,9,42,132,0,0,178,114,97,0,50,17,0,0
527,D. Waiters - waitedi01,"['D. Waiters ', ' waitedi01']",-1,LAL,51,15,32,16,28,14,0,7,23,16,0,0,19,16,20,0,22,5,0,0
528,Z. Smith - smithzh01,"['Z. Smith ', ' smithzh01']",-1,PHI,3,0,3,1,2,0,0,0,4,2,0,0,4,2,2,0,2,3,0,0
529,V. Law - lawvi01,"['V. Law ', ' lawvi01']",-1,ORL,8,2,2,0,8,5,0,0,6,5,0,0,6,2,4,0,4,2,0,0
530,G. Vincent - vincega01,"['G. Vincent ', ' vincega01']",-1,MIA,27,6,6,2,4,0,0,0,6,3,0,0,0,0,5,0,6,5,0,0
531,B. Gates - gatesbr01c,"['B. Gates ', ' gatesbr01c']",-1,0,0,0,0,0,0,0,0,0,1,0,0,0,0,0,0,0,0,0,0,0
532,V. Oladipo - oladivi01,"['V. Oladipo ', ' oladivi01']",-1,IND,137,45,75,36,85,35,0,4,51,75,0,0,75,63,44,0,66,27,0,0
533,J. Jackson - jacksjo02,"['J. Jackson ', ' jacksjo02']",-1,MEM,72,23,39,21,35,16,3,9,42,43,0,0,50,35,41,0,35,18,0,0
534,I. Roby - robyis01,"['I. Roby ', ' robyis01']",-1,OKC,0,0,0,0,1,0,0,0,1,0,0,0,0,0,1,0,0,0,0,0
535,J. Martin - martije02,"['J. Martin ', ' martije02']",-1,BRK,23,8,24,12,20,8,0,3,9,19,0,0,15,12,6,0,22,7,0,0
536,M. Bolden - boldema01,"['M. Bolden ', ' boldema01']",-1,GSW,0,0,0,0,0,0,0,0,1,0,0,0,0,0,0,0,0,1,0,0
537,E. Mika - mikaer01,"['E. Mika ', ' mikaer01']",-1,SAC,0,0,1,0,1,1,0,0,5,1,0,0,2,2,2,0,0,0,0,0
538,T. Owens - owensta01,"['T. Owens ', ' owensta01']",-1,PHO,2,0,2,1,1,0,0,0,1,1,0,0,2,2,1,0,0,1,0,0
539,M. Shayok - shayoma01,"['M. Shayok ', ' shayoma01']",-1,PHI,6,2,3,1,3,0,0,1,4,3,0,0,4,3,1,0,1,0,0,0
540,W. Howard - howarwi01,"['W. Howard ', ' howarwi01']",-1,HOU,4,0,0,0,0,0,0,0,1,0,0,0,0,0,0,0,1,0,0,0
541,J. Toscano-Anderson - toscaju01,"['J. Toscano', 'Anderson ', ' toscaju01']",-1,GSW,23,8,29,14,3,0,1,5,30,12,0,0,5,3,42,0,26,13,0,0
542,J. Pargo - pargoje01,"['J. Pargo ', ' pargoje01']",-1,GSW,7,3,6,5,8,3,1,0,8,2,0,0,1,0,7,0,8,1,0,0
543,Q. Weatherspoon - weathqu01,"['Q. Weatherspoon ', ' weathqu01']",-1,SAS,5,1,6,3,5,1,0,1,8,3,0,0,2,1,10,0,11,3,0,0
544,M. Newman - newmama01,"['M. Newman ', ' newmama01']",-1,CLE,1,0,0,0,1,0,0,0,0,1,0,0,2,2,0,0,0,0,0,0
545,A. Iguodala - iguodan01,"['A. Iguodala ', ' iguodan01']",-1,MIA,86,28,25,14,23,11,3,34,80,29,0,0,22,11,93,0,82,32,0,0
546,J. Chealey - chealjo01,"['J. Chealey ', ' chealjo01']",-1,CHO,4,0,1,0,2,0,0,0,2,1,0,0,2,2,3,0,1,4,0,0
547,D. Hannahs - hannadu01,"['D. Hannahs ', ' hannadu01']",-1,MEM,3,2,1,1,5,1,0,0,1,1,0,0,2,2,0,0,0,0,0,0
548,D. Hall - halldo01,"['D. Hall ', ' halldo01']",-1,BRK,0,0,15,9,5,3,0,8,24,17,0,0,22,10,13,0,4,3,0,0
549,S. Sweeney - sweense01c,"['S. Sweeney ', ' sweense01c']",-1,0,0,0,0,0,0,0,0,0,1,0,0,0,0,0,0,0,0,0,0,0
550,M. Mulder - muldemy01,"['M. Mulder ', ' muldemy01']",-1,GSW,52,16,9,5,5,4,1,1,20,8,0,0,12,9,18,0,8,2,0,0
551,C. Randle - randlch01,"['C. Randle ', ' randlch01']",-1,LAC,2,0,0,0,2,0,0,0,3,3,0,0,6,5,5,0,5,2,0,0
552,J. Uthoff - uthofja01,"['J. Uthoff ', ' uthofja01']",-1,WAS,9,3,2,1,7,3,0,0,2,1,0,0,2,2,2,0,0,1,0,0
553,L. Šamanić - samanlu01,"['L. Šamanić ', ' samanlu01']",-1,SAS,8,3,4,1,3,1,1,2,6,4,0,0,4,3,4,0,6,0,0,0
554,J. Noah - noahjo01,"['J. Noah ', ' noahjo01']",-1,LAC,0,0,5,2,1,1,2,1,9,5,0,0,8,6,5,0,7,1,0,0
555,J. Smith - smithjr01,"['J. Smith ', ' smithjr01']",-1,LAL,33,7,2,2,11,5,2,0,17,4,0,0,2,2,16,0,6,3,0,0
556,L. Thomas - thomala01,"['L. Thomas ', ' thomala01']",-1,BRK,15,4,1,1,12,4,0,1,13,8,0,0,8,6,11,0,6,0,0,0
557,J. Nurkić - nurkiju01,"['J. Nurkić ', ' nurkiju01']",-1,POR,24,7,69,34,29,8,33,19,65,71,0,0,67,53,41,0,56,28,0,0
558,C. Payne - payneca01,"['C. Payne ', ' payneca01']",-1,PHO,29,15,15,10,23,8,1,2,20,9,0,0,7,6,19,0,24,8,0,0
559,J. Grant - grantje02,"['J. Grant ', ' grantje02']",-1,WAS,8,2,10,5,9,3,0,1,11,4,0,0,7,5,9,0,9,1,0,0
560,B. Bol - bolbo01,"['B. Bol ', ' bolbo01']",-1,DEN,12,6,8,4,13,5,0,8,12,11,0,0,18,15,7,0,6,4,0,0
561,A. Roberson - roberan03,"['A. Roberson ', ' roberan03']",-1,OKC,15,3,11,4,3,1,1,3,14,3,0,0,2,1,14,0,4,1,0,0
562,C. Brewer - breweco01,"['C. Brewer ', ' breweco01']",-1,HOU,1,0,3,2,0,0,0,0,7,4,0,0,3,1,3,0,2,4,0,0
563,T. Zeller - zellety01,"['T. Zeller ', ' zellety01']",-1,SAS,0,0,3,1,0,0,1,0,0,0,0,0,0,0,0,0,0,0,0,0
564,J. Crawford - crawfja01,"['J. Crawford ', ' crawfja01']",-1,BRK,2,1,0,0,2,1,0,0,1,1,0,0,0,0,1,0,3,0,0,0
565,K. Alexander - alexaky01,"['K. Alexander ', ' alexaky01']",-1,MIA,0,0,1,1,0,0,1,0,1,0,0,0,0,0,0,0,0,0,0,0
566,J. Wright-Foreman - wrighju02,"['J. Wright', 'Foreman ', ' wrighju02']",-1,UTA,10,2,4,2,6,3,0,0,5,2,0,0,4,3,3,0,7,2,0,0
567,L. Mbah a Moute - mbahalu01,"['L. Mbah a Moute ', ' mbahalu01']",-1,HOU,2,0,3,2,0,0,0,0,0,1,0,0,2,1,0,0,0,2,0,0
568,S. Thornwell - thornsi01,"['S. Thornwell ', ' thornsi01']",-1,NOP,4,2,5,3,2,1,0,1,2,2,0,0,4,2,4,0,4,1,0,0
569,D. Cacok - cacokde01,"['D. Cacok ', ' cacokde01']",-1,LAL,0,0,4,1,1,1,1,0,0,0,0,0,0,0,0,0,1,0,0,0
570,J. Adams - adamsja01,"['J. Adams ', ' adamsja01']",-1,POR,4,0,4,3,1,0,0,0,1,2,0,0,0,0,0,0,2,1,0,0
571,P. Handy - handyph01c,"['P. Handy ', ' handyph01c']",-1,0,0,0,0,0,0,0,0,0,1,0,0,0,0,0,0,0,0,0,0,0
